pca__n_components,knn__n_neighbors,knn__metric,knn__weights,threshold,accuracy,precision,recall,f1,mcc
150,3,cosine,uniform,0.1,0.8090744101633394,0.43626984126984125,0.6222222222222222,0.49916764132553604,0.4075485450316198
150,3,cosine,uniform,0.2,0.8090744101633394,0.43626984126984125,0.6222222222222222,0.49916764132553604,0.4075485450316198
150,3,cosine,uniform,0.30000000000000004,0.8090744101633394,0.43626984126984125,0.6222222222222222,0.49916764132553604,0.4075485450316198
150,3,cosine,uniform,0.4,0.8543254688445252,0.5233333333333333,0.24444444444444446,0.3304029304029304,0.28974624332589033
150,3,cosine,uniform,0.5,0.8543254688445252,0.5233333333333333,0.24444444444444446,0.3304029304029304,0.28974624332589033
150,3,cosine,uniform,0.6,0.8543254688445252,0.5233333333333333,0.24444444444444446,0.3304029304029304,0.28974624332589033
150,3,cosine,uniform,0.7000000000000001,0.8507562008469449,0.8,0.06666666666666667,0.11272727272727275,0.13853547671734862
150,3,cosine,uniform,0.8,0.8507562008469449,0.8,0.06666666666666667,0.11272727272727275,0.13853547671734862
150,3,cosine,uniform,0.9,0.8507562008469449,0.8,0.06666666666666667,0.11272727272727275,0.13853547671734862
150,3,cosine,distance,0.1,0.854204476709014,0.5332167832167832,0.6,0.5557575757575757,0.4769076726324527
150,3,cosine,distance,0.2,0.8646098003629763,0.5681818181818181,0.6,0.5754621848739496,0.5014079957769454
150,3,cosine,distance,0.30000000000000004,0.8681790683605566,0.5888888888888888,0.5111111111111112,0.5422222222222222,0.4708210767704112
150,3,cosine,distance,0.4,0.8820931639443435,0.740952380952381,0.37777777777777777,0.48398268398268396,0.4665198303381704
150,3,cosine,distance,0.5,0.878584392014519,0.7742857142857142,0.3333333333333333,0.4464535464535465,0.4455500397908122
150,3,cosine,distance,0.6,0.878584392014519,0.7742857142857142,0.3333333333333333,0.4464535464535465,0.4455500397908122
150,3,cosine,distance,0.7000000000000001,0.8819721718088325,0.86,0.28888888888888886,0.4233766233766234,0.4513328157534395
150,3,cosine,distance,0.8,0.8784633998790079,0.86,0.26666666666666666,0.39064935064935064,0.42497705452816736
150,3,cosine,distance,0.9,0.8784029038112522,0.9,0.2444444444444444,0.35944055944055947,0.38086325870547
150,3,euclidean,uniform,0.1,0.8090139140955838,0.42892857142857144,0.6,0.4918605465069323,0.3939483675779497
150,3,euclidean,uniform,0.2,0.8090139140955838,0.42892857142857144,0.6,0.4918605465069323,0.3939483675779497
150,3,euclidean,uniform,0.30000000000000004,0.8090139140955838,0.42892857142857144,0.6,0.4918605465069323,0.3939483675779497
150,3,euclidean,uniform,0.4,0.8543254688445252,0.5999999999999999,0.17777777777777776,0.2727272727272727,0.2696170339722582
150,3,euclidean,uniform,0.5,0.8543254688445252,0.5999999999999999,0.17777777777777776,0.2727272727272727,0.2696170339722582
150,3,euclidean,uniform,0.6,0.8543254688445252,0.5999999999999999,0.17777777777777776,0.2727272727272727,0.2696170339722582
150,3,euclidean,uniform,0.7000000000000001,0.854204476709014,1.0,0.06666666666666667,0.11272727272727275,0.14988861120647756
150,3,euclidean,uniform,0.8,0.854204476709014,1.0,0.06666666666666667,0.11272727272727275,0.14988861120647756
150,3,euclidean,uniform,0.9,0.854204476709014,1.0,0.06666666666666667,0.11272727272727275,0.14988861120647756
150,3,euclidean,distance,0.1,0.8506957047791893,0.5366666666666667,0.6,0.5503105590062111,0.4744087570192395
150,3,euclidean,distance,0.2,0.8575922565033274,0.5533333333333333,0.5777777777777777,0.5533333333333332,0.4774737083054322
150,3,euclidean,distance,0.30000000000000004,0.8749546279491833,0.65,0.5555555555555556,0.578974358974359,0.521503451009319
150,3,euclidean,distance,0.4,0.8889897156684814,0.8742857142857143,0.37777777777777777,0.5100899100899101,0.5185342432628173
150,3,euclidean,distance,0.5,0.892377495462795,0.9199999999999999,0.3555555555555555,0.4971028971028971,0.5219631354804009
150,3,euclidean,distance,0.6,0.892377495462795,0.9199999999999999,0.3555555555555555,0.4971028971028971,0.5219631354804009
150,3,euclidean,distance,0.7000000000000001,0.8818511796733212,1.0,0.2444444444444444,0.37272727272727274,0.4150376255244096
150,3,euclidean,distance,0.8,0.8818511796733212,1.0,0.2444444444444444,0.37272727272727274,0.4150376255244096
150,3,euclidean,distance,0.9,0.8818511796733212,1.0,0.2444444444444444,0.37272727272727274,0.4150376255244096
150,5,cosine,uniform,0.1,0.7084694494857834,0.30054061624649864,0.6444444444444445,0.40109838561850947,0.28273833838704443
150,5,cosine,uniform,0.2,0.7084694494857834,0.30054061624649864,0.6444444444444445,0.40109838561850947,0.28273833838704443
150,5,cosine,uniform,0.30000000000000004,0.8543254688445252,0.5406060606060605,0.37777777777777777,0.4238095238095238,0.3650462266445495
150,5,cosine,uniform,0.4,0.8543254688445252,0.5406060606060605,0.37777777777777777,0.4238095238095238,0.3650462266445495
150,5,cosine,uniform,0.5,0.8613430127041741,0.6,0.22222222222222224,0.3090909090909091,0.3009312283167659
150,5,cosine,uniform,0.6,0.8613430127041741,0.6,0.22222222222222224,0.3090909090909091,0.3009312283167659
150,5,cosine,uniform,0.7000000000000001,0.8612220205686631,1.0,0.11111111111111112,0.18545454545454548,0.23796571241658643
150,5,cosine,uniform,0.8,0.8612220205686631,1.0,0.11111111111111112,0.18545454545454548,0.23796571241658643
150,5,cosine,uniform,0.9,0.8437386569872958,1.0,0.0,0.0,0.0
150,5,cosine,distance,0.1,0.8161524500907442,0.43983516483516477,0.6,0.49951496329757195,0.4041730134453651
150,5,cosine,distance,0.2,0.8612220205686631,0.5622222222222222,0.5111111111111112,0.528187134502924,0.45290495017471794
150,5,cosine,distance,0.30000000000000004,0.8889897156684814,0.7642857142857142,0.4666666666666667,0.5539618276460382,0.5300306828179762
150,5,cosine,distance,0.4,0.8960072595281305,0.8242857142857144,0.4444444444444445,0.5543206793206793,0.5449107375627529
150,5,cosine,distance,0.5,0.8820931639443437,0.7742857142857142,0.3555555555555555,0.4662337662337663,0.46188476088379576
150,5,cosine,distance,0.6,0.8820326678765881,0.8142857142857143,0.3333333333333333,0.4552447552447553,0.4631575839529517
150,5,cosine,distance,0.7000000000000001,0.8888687235329703,1.0,0.28888888888888886,0.43580419580419577,0.4947552534348783
150,5,cosine,distance,0.8,0.8888687235329703,1.0,0.28888888888888886,0.43580419580419577,0.4947552534348783
150,5,cosine,distance,0.9,0.8713853599516032,1.0,0.17777777777777776,0.27999999999999997,0.3415125543464319
150,5,euclidean,uniform,0.1,0.7568058076225046,0.3496737318409145,0.6222222222222222,0.4436046711908781,0.32869898528455244
150,5,euclidean,uniform,0.2,0.7568058076225046,0.3496737318409145,0.6222222222222222,0.4436046711908781,0.32869898528455244
150,5,euclidean,uniform,0.30000000000000004,0.8473684210526315,0.5109523809523809,0.26666666666666666,0.3443223443223443,0.29044850392901267
150,5,euclidean,uniform,0.4,0.8473684210526315,0.5109523809523809,0.26666666666666666,0.3443223443223443,0.29044850392901267
150,5,euclidean,uniform,0.5,0.8577737447065941,0.7,0.13333333333333336,0.21636363636363637,0.2570425427595093
150,5,euclidean,uniform,0.6,0.8577737447065941,0.7,0.13333333333333336,0.21636363636363637,0.2570425427595093
150,5,euclidean,uniform,0.7000000000000001,0.8472474289171202,0.8,0.04444444444444444,0.08,0.11217971549207655
150,5,euclidean,uniform,0.8,0.8472474289171202,0.8,0.04444444444444444,0.08,0.11217971549207655
150,5,euclidean,uniform,0.9,0.8472474289171202,1.0,0.02222222222222222,0.04,0.06172133998483677
150,5,euclidean,distance,0.1,0.7985480943738658,0.4073529411764706,0.6222222222222222,0.48702564102564105,0.38631183239926703
150,5,euclidean,distance,0.2,0.8715063520871142,0.6277777777777777,0.5111111111111112,0.5486819613135403,0.4876652298370249
150,5,euclidean,distance,0.30000000000000004,0.8784633998790078,0.7214285714285713,0.4222222222222222,0.5173076923076924,0.482764036051013
150,5,euclidean,distance,0.4,0.892377495462795,0.8361904761904763,0.4222222222222222,0.5459523809523809,0.5374576728759289
150,5,euclidean,distance,0.5,0.8888687235329705,0.96,0.31111111111111106,0.4500899100899101,0.4951941913444573
150,5,euclidean,distance,0.6,0.8888687235329705,0.96,0.31111111111111106,0.4500899100899101,0.4951941913444573
150,5,euclidean,distance,0.7000000000000001,0.8783424077434967,1.0,0.22222222222222224,0.3454545454545455,0.39424851594415494
150,5,euclidean,distance,0.8,0.8783424077434967,1.0,0.22222222222222224,0.3454545454545455,0.39424851594415494
150,5,euclidean,distance,0.9,0.854204476709014,1.0,0.06666666666666667,0.11272727272727275,0.14988861120647756
150,7,cosine,uniform,0.1,0.6181488203266787,0.23833227081473923,0.6888888888888889,0.3495378151260504,0.2174385103940267
150,7,cosine,uniform,0.2,0.8298245614035087,0.4487208216619981,0.4666666666666666,0.4382263161674926,0.35360661948197375
150,7,cosine,uniform,0.30000000000000004,0.8508771929824561,0.5106060606060605,0.2888888888888889,0.3374358974358974,0.2973326836831169
150,7,cosine,uniform,0.4,0.8508771929824561,0.5106060606060605,0.2888888888888889,0.3374358974358974,0.2973326836831169
150,7,cosine,uniform,0.5,0.8681790683605566,0.8333333333333334,0.19999999999999998,0.2988344988344988,0.3168499162466366
150,7,cosine,uniform,0.6,0.8472474289171202,0.8,0.04444444444444444,0.08,0.11217971549207655
150,7,cosine,uniform,0.7000000000000001,0.8472474289171202,0.8,0.04444444444444444,0.08,0.11217971549207655
150,7,cosine,uniform,0.8,0.8472474289171202,1.0,0.02222222222222222,0.04,0.06172133998483677
150,7,cosine,uniform,0.9,0.8437386569872958,1.0,0.0,0.0,0.0
150,7,cosine,distance,0.1,0.7849969751966123,0.3836842105263158,0.6666666666666667,0.48315789473684206,0.38538841004621543
150,7,cosine,distance,0.2,0.8750151240169389,0.6392857142857143,0.5111111111111112,0.5499547511312217,0.4946860374180063
150,7,cosine,distance,0.30000000000000004,0.8854809437386569,0.7471428571428571,0.4666666666666667,0.5374033860875966,0.5142586716241195
150,7,cosine,distance,0.4,0.8891107078039926,0.780952380952381,0.4222222222222222,0.521060606060606,0.5080428979576169
150,7,cosine,distance,0.5,0.8889292196007259,0.9333333333333332,0.3333333333333333,0.46554778554778553,0.4997614023090608
150,7,cosine,distance,0.6,0.8923169993950394,1.0,0.31111111111111106,0.4588811188811189,0.512775980507689
150,7,cosine,distance,0.7000000000000001,0.8852994555353902,1.0,0.2666666666666667,0.3988811188811189,0.4656311097021624
150,7,cosine,distance,0.8,0.8748941318814276,1.0,0.19999999999999998,0.3127272727272727,0.36786831557170396
150,7,cosine,distance,0.9,0.8713853599516032,1.0,0.17777777777777776,0.27999999999999997,0.3415125543464319
150,7,euclidean,uniform,0.1,0.7082879612825166,0.305068865916692,0.6666666666666667,0.41381775056063486,0.2948267346811689
150,7,euclidean,uniform,0.2,0.8471869328493649,0.5557142857142857,0.3555555555555555,0.42294679005205327,0.35736104110363
150,7,euclidean,uniform,0.30000000000000004,0.864670296430732,0.6833333333333333,0.26666666666666666,0.37170163170163173,0.36209558415403015
150,7,euclidean,uniform,0.4,0.864670296430732,0.6833333333333333,0.26666666666666666,0.37170163170163173,0.36209558415403015
150,7,euclidean,uniform,0.5,0.8506957047791893,0.8,0.06666666666666667,0.12000000000000002,0.17399122548844526
150,7,euclidean,uniform,0.6,0.8437991530550516,0.8,0.02222222222222222,0.04,0.05036820549570782
150,7,euclidean,uniform,0.7000000000000001,0.8437991530550516,0.8,0.02222222222222222,0.04,0.05036820549570782
150,7,euclidean,uniform,0.8,0.8437386569872958,1.0,0.0,0.0,0.0
150,7,euclidean,uniform,0.9,0.8437386569872958,1.0,0.0,0.0,0.0
150,7,euclidean,distance,0.1,0.7533575317604356,0.35103668261563,0.6666666666666667,0.45412008281573496,0.3478032892963899
150,7,euclidean,distance,0.2,0.8784029038112523,0.7178571428571429,0.4444444444444445,0.5290723981900454,0.49233922374351435
150,7,euclidean,distance,0.30000000000000004,0.892377495462795,0.840952380952381,0.4222222222222222,0.5476190476190477,0.5394949860156865
150,7,euclidean,distance,0.4,0.8958257713248639,0.8800000000000001,0.39999999999999997,0.5428571428571429,0.5458696514505595
150,7,euclidean,distance,0.5,0.8817906836055656,1.0,0.2444444444444444,0.36853146853146856,0.41226924301696577
150,7,euclidean,distance,0.6,0.8783424077434967,1.0,0.22222222222222224,0.3454545454545455,0.39424851594415494
150,7,euclidean,distance,0.7000000000000001,0.8748941318814276,1.0,0.19999999999999998,0.3127272727272727,0.36786831557170396
150,7,euclidean,distance,0.8,0.8713853599516032,1.0,0.17777777777777776,0.27999999999999997,0.3415125543464319
150,7,euclidean,distance,0.9,0.8506957047791893,1.0,0.04444444444444444,0.08,0.12353284998120548
150,9,cosine,uniform,0.1,0.5451300665456744,0.21228621478621473,0.7333333333333333,0.3273025054361215,0.18085575946001628
150,9,cosine,uniform,0.2,0.7813672111312764,0.37147186147186145,0.5555555555555556,0.42545674531155475,0.3252055433997662
150,9,cosine,uniform,0.30000000000000004,0.8508166969147005,0.5409523809523809,0.3555555555555555,0.3867494824016563,0.344257212029922
150,9,cosine,uniform,0.4,0.8681790683605566,0.7333333333333333,0.24444444444444446,0.343030303030303,0.3566374502035516
150,9,cosine,uniform,0.5,0.8611615245009073,0.9,0.13333333333333336,0.22181818181818183,0.27398676804083455
150,9,cosine,uniform,0.6,0.8472474289171202,1.0,0.02222222222222222,0.04,0.06172133998483677
150,9,cosine,uniform,0.7000000000000001,0.8472474289171202,1.0,0.02222222222222222,0.04,0.06172133998483677
150,9,cosine,uniform,0.8,0.8472474289171202,1.0,0.02222222222222222,0.04,0.06172133998483677
150,9,cosine,uniform,0.9,0.8437386569872958,1.0,0.0,0.0,0.0
150,9,cosine,distance,0.1,0.7848759830611011,0.3873076923076923,0.6666666666666667,0.48678549037169727,0.38739181809836326
150,9,cosine,distance,0.2,0.8646098003629763,0.6075757575757577,0.5111111111111112,0.5274509803921569,0.46971102493197037
150,9,cosine,distance,0.30000000000000004,0.889050211736237,0.7726190476190476,0.4444444444444445,0.5364075140545729,0.5175871360033282
150,9,cosine,distance,0.4,0.8889897156684816,0.8742857142857143,0.37777777777777777,0.5025974025974026,0.5140798547755462
150,9,cosine,distance,0.5,0.8888687235329703,0.96,0.31111111111111106,0.4500899100899101,0.4951684363455497
150,9,cosine,distance,0.6,0.8853599516031458,1.0,0.26666666666666666,0.40307692307692305,0.4683994922096062
150,9,cosine,distance,0.7000000000000001,0.8748941318814276,1.0,0.19999999999999998,0.3127272727272727,0.36786831557170396
150,9,cosine,distance,0.8,0.8748941318814276,1.0,0.19999999999999998,0.3127272727272727,0.36786831557170396
150,9,cosine,distance,0.9,0.8748941318814276,1.0,0.19999999999999998,0.3127272727272727,0.36786831557170396
150,9,euclidean,uniform,0.1,0.666606170598911,0.28206837606837604,0.711111111111111,0.40099157981510924,0.27716456172802056
150,9,euclidean,uniform,0.2,0.8367816091954022,0.4834188034188035,0.48888888888888893,0.4785301935766332,0.3875879628600112
150,9,euclidean,uniform,0.30000000000000004,0.8473079249848758,0.54,0.3111111111111111,0.37998843262001164,0.3246420724561873
150,9,euclidean,uniform,0.4,0.8540834845735027,0.5333333333333333,0.13333333333333333,0.2121212121212121,0.2192308706871981
150,9,euclidean,uniform,0.5,0.8437991530550516,0.8,0.02222222222222222,0.04,0.05036820549570782
150,9,euclidean,uniform,0.6,0.8437386569872958,1.0,0.0,0.0,0.0
150,9,euclidean,uniform,0.7000000000000001,0.8437386569872958,1.0,0.0,0.0,0.0
150,9,euclidean,uniform,0.8,0.8437386569872958,1.0,0.0,0.0,0.0
150,9,euclidean,uniform,0.9,0.8437386569872958,1.0,0.0,0.0,0.0
150,9,euclidean,distance,0.1,0.75329703569268,0.3628671328671328,0.6888888888888889,0.4696329254727475,0.3642705001306171
150,9,euclidean,distance,0.2,0.8784029038112522,0.6427777777777778,0.5333333333333334,0.5741215784559437,0.5128835022099549
150,9,euclidean,distance,0.30000000000000004,0.8853599516031458,0.7809523809523808,0.4222222222222222,0.5364102564102564,0.5126915487894504
150,9,euclidean,distance,0.4,0.88173018753781,0.9333333333333332,0.2666666666666666,0.38974358974358975,0.4107636193064951
150,9,euclidean,distance,0.5,0.8748941318814276,1.0,0.19999999999999998,0.3127272727272727,0.36786831557170396
150,9,euclidean,distance,0.6,0.8713853599516032,1.0,0.17777777777777776,0.27999999999999997,0.3415125543464319
150,9,euclidean,distance,0.7000000000000001,0.8713853599516032,1.0,0.17777777777777776,0.27999999999999997,0.3415125543464319
150,9,euclidean,distance,0.8,0.8541439806412583,1.0,0.06666666666666667,0.12000000000000002,0.1853443599775742
150,9,euclidean,distance,0.9,0.8471869328493649,1.0,0.02222222222222222,0.04,0.06181150999636872
180,3,cosine,uniform,0.1,0.816152450090744,0.44718614718614713,0.6,0.4982898550724638,0.40692783159605045
180,3,cosine,uniform,0.2,0.816152450090744,0.44718614718614713,0.6,0.4982898550724638,0.40692783159605045
180,3,cosine,uniform,0.30000000000000004,0.816152450090744,0.44718614718614713,0.6,0.4982898550724638,0.40692783159605045
180,3,cosine,uniform,0.4,0.8543254688445252,0.5233333333333333,0.24444444444444446,0.3304029304029304,0.28974624332589033
180,3,cosine,uniform,0.5,0.8543254688445252,0.5233333333333333,0.24444444444444446,0.3304029304029304,0.28974624332589033
180,3,cosine,uniform,0.6,0.8543254688445252,0.5233333333333333,0.24444444444444446,0.3304029304029304,0.28974624332589033
180,3,cosine,uniform,0.7000000000000001,0.8507562008469449,0.8,0.06666666666666667,0.11272727272727275,0.13853547671734862
180,3,cosine,uniform,0.8,0.8507562008469449,0.8,0.06666666666666667,0.11272727272727275,0.13853547671734862
180,3,cosine,uniform,0.9,0.8507562008469449,0.8,0.06666666666666667,0.11272727272727275,0.13853547671734862
180,3,cosine,distance,0.1,0.8577737447065941,0.5490909090909091,0.5777777777777777,0.5520300751879699,0.4756797721386187
180,3,cosine,distance,0.2,0.8681790683605566,0.5842424242424242,0.5777777777777777,0.5716791979949873,0.5003727960855964
180,3,cosine,distance,0.30000000000000004,0.8786448880822746,0.6422222222222222,0.5111111111111112,0.5636227824463117,0.50238149669865
180,3,cosine,distance,0.4,0.8856019358741681,0.7742857142857142,0.37777777777777777,0.49350649350649356,0.4826738704640504
180,3,cosine,distance,0.5,0.878584392014519,0.7742857142857142,0.3333333333333333,0.4464535464535465,0.4455500397908122
180,3,cosine,distance,0.6,0.878584392014519,0.7742857142857142,0.3333333333333333,0.4464535464535465,0.4455500397908122
180,3,cosine,distance,0.7000000000000001,0.8819721718088325,0.86,0.28888888888888886,0.4233766233766234,0.4513328157534395
180,3,cosine,distance,0.8,0.8784633998790079,0.86,0.26666666666666666,0.39064935064935064,0.42497705452816736
180,3,cosine,distance,0.9,0.8784029038112522,0.9,0.2444444444444444,0.35944055944055947,0.38086325870547
180,3,euclidean,uniform,0.1,0.819479733817302,0.44642857142857145,0.6,0.5055996769417149,0.41013978269527585
180,3,euclidean,uniform,0.2,0.819479733817302,0.44642857142857145,0.6,0.5055996769417149,0.41013978269527585
180,3,euclidean,uniform,0.30000000000000004,0.819479733817302,0.44642857142857145,0.6,0.5055996769417149,0.41013978269527585
180,3,euclidean,uniform,0.4,0.8508771929824561,0.5,0.17777777777777776,0.2573426573426573,0.23423136232603978
180,3,euclidean,uniform,0.5,0.8508771929824561,0.5,0.17777777777777776,0.2573426573426573,0.23423136232603978
180,3,euclidean,uniform,0.6,0.8508771929824561,0.5,0.17777777777777776,0.2573426573426573,0.23423136232603978
180,3,euclidean,uniform,0.7000000000000001,0.8612220205686631,1.0,0.11111111111111112,0.18545454545454548,0.23796571241658643
180,3,euclidean,uniform,0.8,0.8612220205686631,1.0,0.11111111111111112,0.18545454545454548,0.23796571241658643
180,3,euclidean,uniform,0.9,0.8612220205686631,1.0,0.11111111111111112,0.18545454545454548,0.23796571241658643
180,3,euclidean,distance,0.1,0.854204476709014,0.5443589743589744,0.6,0.5558441558441557,0.48080159295806224
180,3,euclidean,distance,0.2,0.8645493042952207,0.5733333333333334,0.5777777777777777,0.5653634085213033,0.49238355208973844
180,3,euclidean,distance,0.30000000000000004,0.8853599516031458,0.6866666666666668,0.5555555555555556,0.598396443597682,0.5466842994421705
180,3,euclidean,distance,0.4,0.8820326678765881,0.8242857142857142,0.3555555555555555,0.47932067932067934,0.4808762887520131
180,3,euclidean,distance,0.5,0.8889292196007259,0.8699999999999999,0.3555555555555555,0.49360639360639363,0.5050942905498512
180,3,euclidean,distance,0.6,0.8889292196007259,0.8699999999999999,0.3555555555555555,0.49360639360639363,0.5050942905498512
180,3,euclidean,distance,0.7000000000000001,0.8888687235329703,1.0,0.28888888888888886,0.4454545454545455,0.5031147267345184
180,3,euclidean,distance,0.8,0.8888687235329703,1.0,0.28888888888888886,0.4454545454545455,0.5031147267345184
180,3,euclidean,distance,0.9,0.8888687235329703,1.0,0.28888888888888886,0.4454545454545455,0.5031147267345184
180,5,cosine,uniform,0.1,0.7256503327283725,0.31780640412219363,0.6444444444444445,0.4163376182391462,0.30309543059026045
180,5,cosine,uniform,0.2,0.7256503327283725,0.31780640412219363,0.6444444444444445,0.4163376182391462,0.30309543059026045
180,5,cosine,uniform,0.30000000000000004,0.8612825166364185,0.5733333333333334,0.4,0.45403508771929835,0.3970285577431441
180,5,cosine,uniform,0.4,0.8612825166364185,0.5733333333333334,0.4,0.45403508771929835,0.3970285577431441
180,5,cosine,uniform,0.5,0.8612825166364185,0.6428571428571429,0.22222222222222224,0.3068181818181818,0.31025142961326463
180,5,cosine,uniform,0.6,0.8612825166364185,0.6428571428571429,0.22222222222222224,0.3068181818181818,0.31025142961326463
180,5,cosine,uniform,0.7000000000000001,0.8612220205686631,1.0,0.11111111111111112,0.18545454545454548,0.23796571241658643
180,5,cosine,uniform,0.8,0.8612220205686631,1.0,0.11111111111111112,0.18545454545454548,0.23796571241658643
180,5,cosine,uniform,0.9,0.8437386569872958,1.0,0.0,0.0,0.0
180,5,cosine,distance,0.1,0.8368421052631578,0.49007326007326,0.6,0.5308441558441558,0.44374719850931676
180,5,cosine,distance,0.2,0.8716878402903813,0.6088888888888888,0.5111111111111112,0.5479365079365078,0.4816535482510679
180,5,cosine,distance,0.30000000000000004,0.8994555353901996,0.8092857142857144,0.48888888888888893,0.5932773109243697,0.5717825416315259
180,5,cosine,distance,0.4,0.8924379915305505,0.8057142857142857,0.4444444444444445,0.5512987012987013,0.53557032015687
180,5,cosine,distance,0.5,0.8855414398064125,0.7933333333333333,0.3555555555555555,0.47290043290043293,0.47267368572060553
180,5,cosine,distance,0.6,0.885480943738657,0.8333333333333333,0.3333333333333333,0.46191142191142187,0.47394650878976136
180,5,cosine,distance,0.7000000000000001,0.8888687235329703,1.0,0.28888888888888886,0.43580419580419577,0.4947552534348783
180,5,cosine,distance,0.8,0.8888687235329703,1.0,0.28888888888888886,0.43580419580419577,0.4947552534348783
180,5,cosine,distance,0.9,0.8713853599516032,1.0,0.17777777777777776,0.27999999999999997,0.3415125543464319
180,5,euclidean,uniform,0.1,0.7810647307924985,0.3821512336992213,0.6222222222222222,0.4689743589743589,0.36171587855929654
180,5,euclidean,uniform,0.2,0.7810647307924985,0.3821512336992213,0.6222222222222222,0.4689743589743589,0.36171587855929654
180,5,euclidean,uniform,0.30000000000000004,0.854325468844525,0.5666666666666667,0.26666666666666666,0.357948717948718,0.3170169615088766
180,5,euclidean,uniform,0.4,0.854325468844525,0.5666666666666667,0.26666666666666666,0.357948717948718,0.3170169615088766
180,5,euclidean,uniform,0.5,0.8612825166364185,0.7,0.15555555555555556,0.2490909090909091,0.28339830398478133
180,5,euclidean,uniform,0.6,0.8612825166364185,0.7,0.15555555555555556,0.2490909090909091,0.28339830398478133
180,5,euclidean,uniform,0.7000000000000001,0.8507562008469449,0.8,0.06666666666666667,0.11272727272727275,0.13853547671734862
180,5,euclidean,uniform,0.8,0.8507562008469449,0.8,0.06666666666666667,0.11272727272727275,0.13853547671734862
180,5,euclidean,uniform,0.9,0.8472474289171202,1.0,0.02222222222222222,0.04,0.06172133998483677
180,5,euclidean,distance,0.1,0.8157894736842104,0.4426878676878677,0.6222222222222222,0.5095488559938688,0.41608482837556304
180,5,euclidean,distance,0.2,0.8819116757410768,0.6678571428571429,0.5333333333333334,0.5813943796141939,0.5255271990191939
180,5,euclidean,distance,0.30000000000000004,0.8785238959467634,0.7309523809523809,0.39999999999999997,0.5056410256410256,0.4751652807121813
180,5,euclidean,distance,0.4,0.892377495462795,0.8533333333333333,0.39999999999999997,0.5352380952380953,0.5324405744895311
180,5,euclidean,distance,0.5,0.892377495462795,0.96,0.3333333333333333,0.48281718281718283,0.5215499525697294
180,5,euclidean,distance,0.6,0.892377495462795,0.96,0.3333333333333333,0.48281718281718283,0.5215499525697294
180,5,euclidean,distance,0.7000000000000001,0.8818511796733212,1.0,0.2444444444444444,0.37272727272727274,0.4150376255244096
180,5,euclidean,distance,0.8,0.8818511796733212,1.0,0.2444444444444444,0.37272727272727274,0.4150376255244096
180,5,euclidean,distance,0.9,0.854204476709014,1.0,0.06666666666666667,0.11272727272727275,0.14988861120647756
180,7,cosine,uniform,0.1,0.6388989715668482,0.2505030208750717,0.6666666666666667,0.3578927556044261,0.22572008552130093
180,7,cosine,uniform,0.2,0.8333938294010889,0.4881652661064425,0.4444444444444445,0.429449472096531,0.3582940528583968
180,7,cosine,uniform,0.30000000000000004,0.8508771929824561,0.5106060606060605,0.2888888888888889,0.3374358974358974,0.2973326836831169
180,7,cosine,uniform,0.4,0.8508771929824561,0.5106060606060605,0.2888888888888889,0.3374358974358974,0.2973326836831169
180,7,cosine,uniform,0.5,0.8681790683605566,0.8333333333333334,0.19999999999999998,0.2988344988344988,0.3168499162466366
180,7,cosine,uniform,0.6,0.8472474289171202,0.8,0.04444444444444444,0.08,0.11217971549207655
180,7,cosine,uniform,0.7000000000000001,0.8472474289171202,0.8,0.04444444444444444,0.08,0.11217971549207655
180,7,cosine,uniform,0.8,0.8472474289171202,1.0,0.02222222222222222,0.04,0.06172133998483677
180,7,cosine,uniform,0.9,0.8437386569872958,1.0,0.0,0.0,0.0
180,7,cosine,distance,0.1,0.7953418027828191,0.4072488038277512,0.6444444444444445,0.49287218045112785,0.39444415662986926
180,7,cosine,distance,0.2,0.878584392014519,0.6891774891774891,0.48888888888888893,0.5466666666666666,0.503541986098349
180,7,cosine,distance,0.30000000000000004,0.8820326678765881,0.7376190476190476,0.4444444444444445,0.5190700527542633,0.49581249627669316
180,7,cosine,distance,0.4,0.8891107078039926,0.780952380952381,0.4222222222222222,0.521060606060606,0.5080428979576169
180,7,cosine,distance,0.5,0.8889292196007259,0.9333333333333332,0.3333333333333333,0.46554778554778553,0.4997614023090608
180,7,cosine,distance,0.6,0.8923169993950394,1.0,0.31111111111111106,0.4588811188811189,0.512775980507689
180,7,cosine,distance,0.7000000000000001,0.8852994555353902,1.0,0.2666666666666667,0.3988811188811189,0.4656311097021624
180,7,cosine,distance,0.8,0.8748941318814276,1.0,0.19999999999999998,0.3127272727272727,0.36786831557170396
180,7,cosine,distance,0.9,0.8713853599516032,1.0,0.17777777777777776,0.27999999999999997,0.3415125543464319
180,7,euclidean,uniform,0.1,0.7395039322444041,0.3329342013485236,0.6444444444444445,0.43322441933942635,0.31939489259780307
180,7,euclidean,uniform,0.2,0.8473684210526315,0.5382539682539683,0.33333333333333337,0.4006715506715507,0.3376891764473399
180,7,euclidean,uniform,0.30000000000000004,0.8681790683605566,0.71,0.26666666666666666,0.3793206793206793,0.37558883995729847
180,7,euclidean,uniform,0.4,0.8681790683605566,0.71,0.26666666666666666,0.3793206793206793,0.37558883995729847
180,7,euclidean,uniform,0.5,0.854204476709014,0.8,0.08888888888888888,0.15272727272727274,0.2003469867137173
180,7,euclidean,uniform,0.6,0.8437991530550516,0.8,0.02222222222222222,0.04,0.05036820549570782
180,7,euclidean,uniform,0.7000000000000001,0.8437991530550516,0.8,0.02222222222222222,0.04,0.05036820549570782
180,7,euclidean,uniform,0.8,0.8437386569872958,1.0,0.0,0.0,0.0
180,7,euclidean,uniform,0.9,0.8437386569872958,1.0,0.0,0.0,0.0
180,7,euclidean,distance,0.1,0.7846944948578342,0.3907017543859649,0.6444444444444445,0.4798245614035087,0.3788627285918079
180,7,euclidean,distance,0.2,0.8785238959467634,0.711111111111111,0.4666666666666667,0.5387129210658623,0.5004062333298888
180,7,euclidean,distance,0.30000000000000004,0.8889292196007259,0.8342857142857143,0.39999999999999997,0.5285714285714286,0.5216516496527214
180,7,euclidean,distance,0.4,0.8958257713248639,0.8800000000000001,0.39999999999999997,0.5428571428571429,0.5458696514505595
180,7,euclidean,distance,0.5,0.8852994555353902,1.0,0.26666666666666666,0.39580419580419585,0.43305835259722036
180,7,euclidean,distance,0.6,0.8818511796733212,1.0,0.2444444444444444,0.37272727272727274,0.4150376255244096
180,7,euclidean,distance,0.7000000000000001,0.8748941318814276,1.0,0.19999999999999998,0.3127272727272727,0.36786831557170396
180,7,euclidean,distance,0.8,0.8644888082274651,1.0,0.13333333333333336,0.22545454545454544,0.29991627071884486
180,7,euclidean,distance,0.9,0.8506957047791893,1.0,0.04444444444444444,0.08,0.12353284998120548
180,9,cosine,uniform,0.1,0.5660617059891108,0.21832440684253326,0.7111111111111111,0.33144687050295807,0.18497430479358862
180,9,cosine,uniform,0.2,0.7883847549909255,0.37926634768740025,0.5333333333333333,0.4257142857142857,0.32329340428816333
180,9,cosine,uniform,0.30000000000000004,0.8543254688445252,0.553939393939394,0.3333333333333333,0.3876190476190476,0.3431682411476301
180,9,cosine,uniform,0.4,0.8647307924984876,0.6666666666666666,0.22222222222222224,0.32913752913752914,0.33064187571714865
180,9,cosine,uniform,0.5,0.8576527525710829,0.9,0.11111111111111112,0.18909090909090906,0.2476310068155625
180,9,cosine,uniform,0.6,0.8472474289171202,1.0,0.02222222222222222,0.04,0.06172133998483677
180,9,cosine,uniform,0.7000000000000001,0.8472474289171202,1.0,0.02222222222222222,0.04,0.06172133998483677
180,9,cosine,uniform,0.8,0.8437386569872958,1.0,0.0,0.0,0.0
180,9,cosine,uniform,0.9,0.8437386569872958,1.0,0.0,0.0,0.0
180,9,cosine,distance,0.1,0.8022988505747127,0.42159090909090907,0.6666666666666667,0.5097096188747732,0.41687501923462617
180,9,cosine,distance,0.2,0.8715668481548701,0.6263203463203463,0.5111111111111111,0.5408771929824561,0.4846728160599933
180,9,cosine,distance,0.30000000000000004,0.889050211736237,0.7726190476190476,0.4444444444444445,0.5364075140545729,0.5175871360033282
180,9,cosine,distance,0.4,0.8820326678765881,0.8076190476190476,0.3555555555555555,0.4767565767565768,0.4755404766760054
180,9,cosine,distance,0.5,0.8888687235329703,0.96,0.31111111111111106,0.4500899100899101,0.4951684363455497
180,9,cosine,distance,0.6,0.8818511796733212,1.0,0.24444444444444446,0.3758041958041958,0.44761038262935154
180,9,cosine,distance,0.7000000000000001,0.8748941318814276,1.0,0.19999999999999998,0.3127272727272727,0.36786831557170396
180,9,cosine,distance,0.8,0.8748941318814276,1.0,0.19999999999999998,0.3127272727272727,0.36786831557170396
180,9,cosine,distance,0.9,0.8713853599516032,1.0,0.17777777777777776,0.27999999999999997,0.3415125543464319
180,9,euclidean,uniform,0.1,0.6910465819721718,0.298989898989899,0.711111111111111,0.41776843118778595,0.3015895819074441
180,9,euclidean,uniform,0.2,0.8473079249848758,0.5134065934065934,0.4666666666666667,0.47622230710466,0.3969820164188411
180,9,euclidean,uniform,0.30000000000000004,0.8542649727767694,0.5876190476190477,0.28888888888888886,0.37985347985347984,0.3371035738304469
180,9,euclidean,uniform,0.4,0.8611010284331518,0.65,0.17777777777777776,0.27412587412587414,0.29002991200840833
180,9,euclidean,uniform,0.5,0.8437991530550516,0.8,0.02222222222222222,0.04,0.05036820549570782
180,9,euclidean,uniform,0.6,0.8437386569872958,1.0,0.0,0.0,0.0
180,9,euclidean,uniform,0.7000000000000001,0.8437386569872958,1.0,0.0,0.0,0.0
180,9,euclidean,uniform,0.8,0.8437386569872958,1.0,0.0,0.0,0.0
180,9,euclidean,uniform,0.9,0.8437386569872958,1.0,0.0,0.0,0.0
180,9,euclidean,distance,0.1,0.7846339987900786,0.3995175438596491,0.6888888888888889,0.4998686371100164,0.40397458413090676
180,9,euclidean,distance,0.2,0.8819116757410768,0.6727777777777778,0.5333333333333334,0.5807149850493504,0.5269097438291056
180,9,euclidean,distance,0.30000000000000004,0.8923169993950394,0.8266666666666665,0.4222222222222222,0.5506959706959706,0.5369680457590735
180,9,euclidean,distance,0.4,0.8887477313974592,0.95,0.31111111111111106,0.45538461538461544,0.49592992699877836
180,9,euclidean,distance,0.5,0.8748941318814276,1.0,0.19999999999999998,0.3127272727272727,0.36786831557170396
180,9,euclidean,distance,0.6,0.8713853599516032,1.0,0.17777777777777776,0.27999999999999997,0.3415125543464319
180,9,euclidean,distance,0.7000000000000001,0.8713853599516032,1.0,0.17777777777777776,0.27999999999999997,0.3415125543464319
180,9,euclidean,distance,0.8,0.8541439806412583,1.0,0.06666666666666667,0.12000000000000002,0.1853443599775742
180,9,euclidean,distance,0.9,0.8471869328493649,1.0,0.02222222222222222,0.04,0.06181150999636872
200,3,cosine,uniform,0.1,0.8126436781609195,0.4329004329004329,0.6,0.4932898550724638,0.39811744728891973
200,3,cosine,uniform,0.2,0.8126436781609195,0.4329004329004329,0.6,0.4932898550724638,0.39811744728891973
200,3,cosine,uniform,0.30000000000000004,0.8126436781609195,0.4329004329004329,0.6,0.4932898550724638,0.39811744728891973
200,3,cosine,uniform,0.4,0.8577737447065941,0.59,0.2666666666666667,0.3637362637362637,0.3289289752824831
200,3,cosine,uniform,0.5,0.8577737447065941,0.59,0.2666666666666667,0.3637362637362637,0.3289289752824831
200,3,cosine,uniform,0.6,0.8577737447065941,0.59,0.2666666666666667,0.3637362637362637,0.3289289752824831
200,3,cosine,uniform,0.7000000000000001,0.8507562008469449,0.8,0.06666666666666667,0.11272727272727275,0.13853547671734862
200,3,cosine,uniform,0.8,0.8507562008469449,0.8,0.06666666666666667,0.11272727272727275,0.13853547671734862
200,3,cosine,uniform,0.9,0.8507562008469449,0.8,0.06666666666666667,0.11272727272727275,0.13853547671734862
200,3,cosine,distance,0.1,0.8542649727767696,0.5290909090909091,0.5777777777777777,0.5463157894736842,0.46484730065796204
200,3,cosine,distance,0.2,0.864670296430732,0.5642424242424242,0.5777777777777777,0.5659649122807017,0.4895403246049397
200,3,cosine,distance,0.30000000000000004,0.87513611615245,0.6222222222222222,0.5111111111111112,0.557908496732026,0.4915490252179933
200,3,cosine,distance,0.4,0.889050211736237,0.8076190476190476,0.4,0.5238095238095238,0.5126643073492436
200,3,cosine,distance,0.5,0.8820326678765881,0.8076190476190476,0.3555555555555555,0.4767565767565768,0.4755404766760054
200,3,cosine,distance,0.6,0.8820326678765881,0.8076190476190476,0.3555555555555555,0.4767565767565768,0.4755404766760054
200,3,cosine,distance,0.7000000000000001,0.8819721718088325,0.86,0.28888888888888886,0.4233766233766234,0.4513328157534395
200,3,cosine,distance,0.8,0.8784633998790079,0.86,0.26666666666666666,0.39064935064935064,0.42497705452816736
200,3,cosine,distance,0.9,0.8784029038112522,0.9,0.2444444444444444,0.35944055944055947,0.38086325870547
200,3,euclidean,uniform,0.1,0.8159709618874773,0.44025641025641027,0.6,0.5004797823435594,0.4045453117850921
200,3,euclidean,uniform,0.2,0.8159709618874773,0.44025641025641027,0.6,0.5004797823435594,0.4045453117850921
200,3,euclidean,uniform,0.30000000000000004,0.8159709618874773,0.44025641025641027,0.6,0.5004797823435594,0.4045453117850921
200,3,euclidean,uniform,0.4,0.8508771929824561,0.5,0.17777777777777776,0.2573426573426573,0.23423136232603978
200,3,euclidean,uniform,0.5,0.8508771929824561,0.5,0.17777777777777776,0.2573426573426573,0.23423136232603978
200,3,euclidean,uniform,0.6,0.8508771929824561,0.5,0.17777777777777776,0.2573426573426573,0.23423136232603978
200,3,euclidean,uniform,0.7000000000000001,0.8612220205686631,1.0,0.11111111111111112,0.18545454545454548,0.23796571241658643
200,3,euclidean,uniform,0.8,0.8612220205686631,1.0,0.11111111111111112,0.18545454545454548,0.23796571241658643
200,3,euclidean,uniform,0.9,0.8612220205686631,1.0,0.11111111111111112,0.18545454545454548,0.23796571241658643
200,3,euclidean,distance,0.1,0.8506957047791893,0.5365501165501165,0.6,0.5498776585733107,0.4743071585393358
200,3,euclidean,distance,0.2,0.8645493042952207,0.5715151515151515,0.5777777777777777,0.5643107769423559,0.4914646129351311
200,3,euclidean,distance,0.30000000000000004,0.8784633998790079,0.6461904761904762,0.5555555555555556,0.5822199730094467,0.5235179254111814
200,3,euclidean,distance,0.4,0.8820326678765881,0.8242857142857142,0.3555555555555555,0.47932067932067934,0.4808762887520131
200,3,euclidean,distance,0.5,0.8889292196007259,0.8699999999999999,0.3555555555555555,0.49360639360639363,0.5050942905498512
200,3,euclidean,distance,0.6,0.8889292196007259,0.8699999999999999,0.3555555555555555,0.49360639360639363,0.5050942905498512
200,3,euclidean,distance,0.7000000000000001,0.8888687235329703,1.0,0.28888888888888886,0.4454545454545455,0.5031147267345184
200,3,euclidean,distance,0.8,0.8888687235329703,1.0,0.28888888888888886,0.4454545454545455,0.5031147267345184
200,3,euclidean,distance,0.9,0.8888687235329703,1.0,0.28888888888888886,0.4454545454545455,0.5031147267345184
200,5,cosine,uniform,0.1,0.7291591046581972,0.3202679425837321,0.6444444444444445,0.4190266938693984,0.30643893178721127
200,5,cosine,uniform,0.2,0.7291591046581972,0.3202679425837321,0.6444444444444445,0.4190266938693984,0.30643893178721127
200,5,cosine,uniform,0.30000000000000004,0.8647307924984876,0.5933333333333333,0.4,0.459749373433584,0.4077975558601955
200,5,cosine,uniform,0.4,0.8647307924984876,0.5933333333333333,0.4,0.459749373433584,0.4077975558601955
200,5,cosine,uniform,0.5,0.8578342407743497,0.5761904761904761,0.22222222222222224,0.3007575757575758,0.2880467726067074
200,5,cosine,uniform,0.6,0.8578342407743497,0.5761904761904761,0.22222222222222224,0.3007575757575758,0.2880467726067074
200,5,cosine,uniform,0.7000000000000001,0.8612220205686631,1.0,0.11111111111111112,0.18545454545454548,0.23796571241658643
200,5,cosine,uniform,0.8,0.8612220205686631,1.0,0.11111111111111112,0.18545454545454548,0.23796571241658643
200,5,cosine,uniform,0.9,0.8437386569872958,1.0,0.0,0.0,0.0
200,5,cosine,distance,0.1,0.82994555353902,0.47173992673992665,0.6,0.5198266119845066,0.4298838967039612
200,5,cosine,distance,0.2,0.8681790683605566,0.5888888888888888,0.5111111111111112,0.5422222222222222,0.4708210767704112
200,5,cosine,distance,0.30000000000000004,0.8994555353901996,0.8092857142857144,0.48888888888888893,0.5932773109243697,0.5717825416315259
200,5,cosine,distance,0.4,0.8924379915305505,0.8057142857142857,0.4444444444444445,0.5512987012987013,0.53557032015687
200,5,cosine,distance,0.5,0.8820931639443437,0.7742857142857142,0.3555555555555555,0.4662337662337663,0.46188476088379576
200,5,cosine,distance,0.6,0.885480943738657,0.8333333333333333,0.3333333333333333,0.46191142191142187,0.47394650878976136
200,5,cosine,distance,0.7000000000000001,0.8888687235329703,1.0,0.28888888888888886,0.43580419580419577,0.4947552534348783
200,5,cosine,distance,0.8,0.8888687235329703,1.0,0.28888888888888886,0.43580419580419577,0.4947552534348783
200,5,cosine,distance,0.9,0.8713853599516032,1.0,0.17777777777777776,0.27999999999999997,0.3415125543464319
200,5,euclidean,uniform,0.1,0.7845735027223231,0.38708513708513703,0.6222222222222222,0.47288244766505627,0.3666183493897017
200,5,euclidean,uniform,0.2,0.7845735027223231,0.38708513708513703,0.6222222222222222,0.47288244766505627,0.3666183493897017
200,5,euclidean,uniform,0.30000000000000004,0.8508166969147005,0.5476190476190477,0.26666666666666666,0.35128205128205126,0.30616954150028197
200,5,euclidean,uniform,0.4,0.8508166969147005,0.5476190476190477,0.26666666666666666,0.35128205128205126,0.30616954150028197
200,5,euclidean,uniform,0.5,0.8647307924984876,0.8,0.15555555555555556,0.25272727272727274,0.3092131975040808
200,5,euclidean,uniform,0.6,0.8647307924984876,0.8,0.15555555555555556,0.25272727272727274,0.3092131975040808
200,5,euclidean,uniform,0.7000000000000001,0.8507562008469449,0.8,0.06666666666666667,0.11272727272727275,0.13853547671734862
200,5,euclidean,uniform,0.8,0.8507562008469449,0.8,0.06666666666666667,0.11272727272727275,0.13853547671734862
200,5,euclidean,uniform,0.9,0.8472474289171202,1.0,0.02222222222222222,0.04,0.06172133998483677
200,5,euclidean,distance,0.1,0.8192982456140351,0.4479590017825312,0.6222222222222222,0.5135186382245205,0.4211299866830888
200,5,euclidean,distance,0.2,0.8784029038112523,0.653968253968254,0.5333333333333334,0.5748584319017755,0.516451541238873
200,5,euclidean,distance,0.30000000000000004,0.8750151240169389,0.7119047619047618,0.39999999999999997,0.498974358974359,0.46431786070358666
200,5,euclidean,distance,0.4,0.892377495462795,0.8533333333333333,0.39999999999999997,0.5352380952380953,0.5324405744895311
200,5,euclidean,distance,0.5,0.8958257713248639,1.0,0.3333333333333333,0.49160839160839165,0.5391574967318687
200,5,euclidean,distance,0.6,0.8958257713248639,1.0,0.3333333333333333,0.49160839160839165,0.5391574967318687
200,5,euclidean,distance,0.7000000000000001,0.8818511796733212,1.0,0.2444444444444444,0.37272727272727274,0.4150376255244096
200,5,euclidean,distance,0.8,0.8818511796733212,1.0,0.2444444444444444,0.37272727272727274,0.4150376255244096
200,5,euclidean,distance,0.9,0.854204476709014,1.0,0.06666666666666667,0.11272727272727275,0.14988861120647756
200,7,cosine,uniform,0.1,0.6389594676346038,0.24925207039337471,0.6666666666666667,0.35703228357678574,0.22478351959899542
200,7,cosine,uniform,0.2,0.8334543254688445,0.46642857142857147,0.4444444444444445,0.4343025210084034,0.35288040907475604
200,7,cosine,uniform,0.30000000000000004,0.8543859649122807,0.5272727272727272,0.3111111111111111,0.36307692307692313,0.32077765139056347
200,7,cosine,uniform,0.4,0.8543859649122807,0.5272727272727272,0.3111111111111111,0.36307692307692313,0.32077765139056347
200,7,cosine,uniform,0.5,0.8647307924984876,0.6333333333333333,0.19999999999999998,0.2988344988344988,0.30549678175750766
200,7,cosine,uniform,0.6,0.8472474289171202,0.8,0.04444444444444444,0.08,0.11217971549207655
200,7,cosine,uniform,0.7000000000000001,0.8472474289171202,0.8,0.04444444444444444,0.08,0.11217971549207655
200,7,cosine,uniform,0.8,0.8472474289171202,1.0,0.02222222222222222,0.04,0.06172133998483677
200,7,cosine,uniform,0.9,0.8437386569872958,1.0,0.0,0.0,0.0
200,7,cosine,distance,0.1,0.7953418027828191,0.4023245614035088,0.6444444444444445,0.4904912280701755,0.39192146764690877
200,7,cosine,distance,0.2,0.8750756200846945,0.6391774891774891,0.48888888888888893,0.538974358974359,0.4838940787012767
200,7,cosine,distance,0.30000000000000004,0.8855414398064125,0.7376190476190476,0.4666666666666667,0.5463427800269905,0.5166016058569478
200,7,cosine,distance,0.4,0.8926194797338172,0.780952380952381,0.4444444444444445,0.5483333333333332,0.5288320075378715
200,7,cosine,distance,0.5,0.885480943738657,0.8333333333333333,0.3333333333333333,0.46191142191142187,0.47394650878976136
200,7,cosine,distance,0.6,0.8923169993950394,1.0,0.31111111111111106,0.4588811188811189,0.512775980507689
200,7,cosine,distance,0.7000000000000001,0.8852994555353902,1.0,0.2666666666666667,0.3988811188811189,0.4656311097021624
200,7,cosine,distance,0.8,0.8748941318814276,1.0,0.19999999999999998,0.3127272727272727,0.36786831557170396
200,7,cosine,distance,0.9,0.8713853599516032,1.0,0.17777777777777776,0.27999999999999997,0.3415125543464319
200,7,euclidean,uniform,0.1,0.7429522081064731,0.33840579710144925,0.6444444444444445,0.43721532091097315,0.32466587457057894
200,7,euclidean,uniform,0.2,0.854325468844525,0.5650000000000001,0.3777777777777777,0.43646446432824143,0.3769522923185243
200,7,euclidean,uniform,0.30000000000000004,0.8716273442226254,0.7766666666666666,0.26666666666666666,0.38538128538128535,0.3977934969638558
200,7,euclidean,uniform,0.4,0.8716273442226254,0.7766666666666666,0.26666666666666666,0.38538128538128535,0.3977934969638558
200,7,euclidean,uniform,0.5,0.8577132486388386,0.8,0.11111111111111112,0.18,0.22113609629397196
200,7,euclidean,uniform,0.6,0.8437991530550516,0.8,0.02222222222222222,0.04,0.05036820549570782
200,7,euclidean,uniform,0.7000000000000001,0.8437991530550516,0.8,0.02222222222222222,0.04,0.05036820549570782
200,7,euclidean,uniform,0.8,0.8437386569872958,1.0,0.0,0.0,0.0
200,7,euclidean,uniform,0.9,0.8437386569872958,1.0,0.0,0.0,0.0
200,7,euclidean,distance,0.1,0.7915910465819721,0.40421052631578946,0.6444444444444445,0.48877365828364017,0.39062518972821536
200,7,euclidean,distance,0.2,0.8820326678765881,0.7194444444444444,0.48888888888888893,0.5543991955756662,0.5177194644384568
200,7,euclidean,distance,0.30000000000000004,0.892377495462795,0.8533333333333333,0.39999999999999997,0.5352380952380953,0.5324405744895311
200,7,euclidean,distance,0.4,0.8992740471869329,0.9199999999999999,0.39999999999999997,0.5516483516483517,0.5634771956126989
200,7,euclidean,distance,0.5,0.8888082274652147,1.0,0.28888888888888886,0.4188811188811189,0.45108039552175994
200,7,euclidean,distance,0.6,0.8818511796733212,1.0,0.2444444444444444,0.37272727272727274,0.4150376255244096
200,7,euclidean,distance,0.7000000000000001,0.8748941318814276,1.0,0.19999999999999998,0.3127272727272727,0.36786831557170396
200,7,euclidean,distance,0.8,0.8644888082274651,1.0,0.13333333333333336,0.22545454545454544,0.29991627071884486
200,7,euclidean,distance,0.9,0.8506957047791893,1.0,0.04444444444444444,0.08,0.12353284998120548
200,9,cosine,uniform,0.1,0.5763460375075621,0.22058704072434052,0.6888888888888889,0.33107786357786356,0.1815708862265632
200,9,cosine,uniform,0.2,0.7884452510586811,0.3848955722639933,0.5555555555555556,0.44027429685324415,0.3366701907006634
200,9,cosine,uniform,0.30000000000000004,0.8612825166364185,0.5872727272727272,0.3777777777777777,0.43890109890109896,0.39005197149918425
200,9,cosine,uniform,0.4,0.8647307924984876,0.6666666666666666,0.22222222222222224,0.32913752913752914,0.33064187571714865
200,9,cosine,uniform,0.5,0.8576527525710829,0.9,0.11111111111111112,0.18909090909090906,0.2476310068155625
200,9,cosine,uniform,0.6,0.8472474289171202,1.0,0.02222222222222222,0.04,0.06172133998483677
200,9,cosine,uniform,0.7000000000000001,0.8472474289171202,1.0,0.02222222222222222,0.04,0.06172133998483677
200,9,cosine,uniform,0.8,0.8437386569872958,1.0,0.0,0.0,0.0
200,9,cosine,uniform,0.9,0.8437386569872958,1.0,0.0,0.0,0.0
200,9,cosine,distance,0.1,0.7954022988505747,0.40213225371120104,0.6444444444444445,0.4912964228753703,0.39187587348596226
200,9,cosine,distance,0.2,0.8681790683605566,0.6015151515151514,0.5555555555555556,0.5597586726998491,0.4948305883546644
200,9,cosine,distance,0.30000000000000004,0.8925589836660617,0.7726190476190476,0.4666666666666667,0.5636802413273001,0.5383762455835828
200,9,cosine,distance,0.4,0.8820326678765881,0.8076190476190476,0.3555555555555555,0.4767565767565768,0.4755404766760054
200,9,cosine,distance,0.5,0.8888687235329703,0.96,0.31111111111111106,0.4500899100899101,0.4951684363455497
200,9,cosine,distance,0.6,0.8818511796733212,1.0,0.24444444444444446,0.3758041958041958,0.44761038262935154
200,9,cosine,distance,0.7000000000000001,0.8748941318814276,1.0,0.19999999999999998,0.3127272727272727,0.36786831557170396
200,9,cosine,distance,0.8,0.8748941318814276,1.0,0.19999999999999998,0.3127272727272727,0.36786831557170396
200,9,cosine,distance,0.9,0.8713853599516032,1.0,0.17777777777777776,0.27999999999999997,0.3415125543464319
200,9,euclidean,uniform,0.1,0.6978826376285541,0.30607843137254903,0.711111111111111,0.424634762565797,0.3096465891517702
200,9,euclidean,uniform,0.2,0.840411373260738,0.491978021978022,0.4444444444444445,0.4541634835752483,0.3709790213649819
200,9,euclidean,uniform,0.30000000000000004,0.854325468844525,0.5683333333333334,0.3111111111111111,0.3909071320836027,0.34180156049500565
200,9,euclidean,uniform,0.4,0.8611010284331518,0.6333333333333333,0.2,0.2884848484848485,0.2965258711028623
200,9,euclidean,uniform,0.5,0.8507562008469449,0.8,0.06666666666666667,0.11272727272727275,0.13853547671734862
200,9,euclidean,uniform,0.6,0.8437386569872958,1.0,0.0,0.0,0.0
200,9,euclidean,uniform,0.7000000000000001,0.8437386569872958,1.0,0.0,0.0,0.0
200,9,euclidean,uniform,0.8,0.8437386569872958,1.0,0.0,0.0,0.0
200,9,euclidean,uniform,0.9,0.8437386569872958,1.0,0.0,0.0,0.0
200,9,euclidean,distance,0.1,0.7950393224440411,0.41265664160401005,0.6888888888888889,0.5107660455486542,0.4176992466318521
200,9,euclidean,distance,0.2,0.8819116757410768,0.6727777777777778,0.5333333333333334,0.5807149850493504,0.5269097438291056
200,9,euclidean,distance,0.30000000000000004,0.892377495462795,0.7961904761904762,0.4444444444444445,0.5602380952380953,0.537830718081137
200,9,euclidean,distance,0.4,0.8887477313974592,0.9333333333333332,0.3333333333333333,0.46974358974358976,0.5024258860932325
200,9,euclidean,distance,0.5,0.8748941318814276,1.0,0.19999999999999998,0.3127272727272727,0.36786831557170396
200,9,euclidean,distance,0.6,0.8713853599516032,1.0,0.17777777777777776,0.27999999999999997,0.3415125543464319
200,9,euclidean,distance,0.7000000000000001,0.8713853599516032,1.0,0.17777777777777776,0.27999999999999997,0.3415125543464319
200,9,euclidean,distance,0.8,0.8506957047791893,1.0,0.04444444444444444,0.08,0.12353284998120548
200,9,euclidean,distance,0.9,0.8506957047791893,1.0,0.04444444444444444,0.08,0.12353284998120548
220,3,cosine,uniform,0.1,0.8160919540229885,0.44147186147186146,0.6222222222222222,0.5063333333333333,0.41506143304793175
220,3,cosine,uniform,0.2,0.8160919540229885,0.44147186147186146,0.6222222222222222,0.5063333333333333,0.41506143304793175
220,3,cosine,uniform,0.30000000000000004,0.8160919540229885,0.44147186147186146,0.6222222222222222,0.5063333333333333,0.41506143304793175
220,3,cosine,uniform,0.4,0.8577737447065941,0.59,0.2666666666666667,0.3637362637362637,0.3289289752824831
220,3,cosine,uniform,0.5,0.8577737447065941,0.59,0.2666666666666667,0.3637362637362637,0.3289289752824831
220,3,cosine,uniform,0.6,0.8577737447065941,0.59,0.2666666666666667,0.3637362637362637,0.3289289752824831
220,3,cosine,uniform,0.7000000000000001,0.8507562008469449,0.8,0.06666666666666667,0.11272727272727275,0.13853547671734862
220,3,cosine,uniform,0.8,0.8507562008469449,0.8,0.06666666666666667,0.11272727272727275,0.13853547671734862
220,3,cosine,uniform,0.9,0.8507562008469449,0.8,0.06666666666666667,0.11272727272727275,0.13853547671734862
220,3,cosine,distance,0.1,0.8577132486388386,0.5381818181818182,0.6,0.5606015037593985,0.4821321385041936
220,3,cosine,distance,0.2,0.868118572292801,0.5733333333333333,0.6,0.5807017543859649,0.5068955454322963
220,3,cosine,distance,0.30000000000000004,0.87513611615245,0.6222222222222222,0.5111111111111112,0.557908496732026,0.4915490252179933
220,3,cosine,distance,0.4,0.889050211736237,0.8076190476190476,0.4,0.5238095238095238,0.5126643073492436
220,3,cosine,distance,0.5,0.8820326678765881,0.8076190476190476,0.3555555555555555,0.4767565767565768,0.4755404766760054
220,3,cosine,distance,0.6,0.8820326678765881,0.8076190476190476,0.3555555555555555,0.4767565767565768,0.4755404766760054
220,3,cosine,distance,0.7000000000000001,0.8819721718088325,0.86,0.28888888888888886,0.4233766233766234,0.4513328157534395
220,3,cosine,distance,0.8,0.8784633998790079,0.86,0.26666666666666666,0.39064935064935064,0.42497705452816736
220,3,cosine,distance,0.9,0.8784029038112522,0.9,0.2444444444444444,0.35944055944055947,0.38086325870547
220,3,euclidean,uniform,0.1,0.8124621899576528,0.4344230769230769,0.6,0.49581311567689274,0.39913809509829484
220,3,euclidean,uniform,0.2,0.8124621899576528,0.4344230769230769,0.6,0.49581311567689274,0.39913809509829484
220,3,euclidean,uniform,0.30000000000000004,0.8124621899576528,0.4344230769230769,0.6,0.49581311567689274,0.39913809509829484
220,3,euclidean,uniform,0.4,0.8508771929824561,0.5,0.17777777777777776,0.2573426573426573,0.23423136232603978
220,3,euclidean,uniform,0.5,0.8508771929824561,0.5,0.17777777777777776,0.2573426573426573,0.23423136232603978
220,3,euclidean,uniform,0.6,0.8508771929824561,0.5,0.17777777777777776,0.2573426573426573,0.23423136232603978
220,3,euclidean,uniform,0.7000000000000001,0.8612220205686631,1.0,0.11111111111111112,0.18545454545454548,0.23796571241658643
220,3,euclidean,uniform,0.8,0.8612220205686631,1.0,0.11111111111111112,0.18545454545454548,0.23796571241658643
220,3,euclidean,uniform,0.9,0.8612220205686631,1.0,0.11111111111111112,0.18545454545454548,0.23796571241658643
220,3,euclidean,distance,0.1,0.8402298850574713,0.5174567099567099,0.6,0.5353954451345755,0.4572715176977275
220,3,euclidean,distance,0.2,0.8645493042952207,0.5715151515151515,0.5777777777777777,0.5643107769423559,0.4914646129351311
220,3,euclidean,distance,0.30000000000000004,0.8749546279491833,0.6352813852813852,0.5555555555555556,0.5759041835357624,0.5156156787137243
220,3,euclidean,distance,0.4,0.8820326678765881,0.8242857142857142,0.3555555555555555,0.47932067932067934,0.4808762887520131
220,3,euclidean,distance,0.5,0.8889292196007259,0.8699999999999999,0.3555555555555555,0.49360639360639363,0.5050942905498512
220,3,euclidean,distance,0.6,0.8889292196007259,0.8699999999999999,0.3555555555555555,0.49360639360639363,0.5050942905498512
220,3,euclidean,distance,0.7000000000000001,0.8888687235329703,1.0,0.28888888888888886,0.4454545454545455,0.5031147267345184
220,3,euclidean,distance,0.8,0.8888687235329703,1.0,0.28888888888888886,0.4454545454545455,0.5031147267345184
220,3,euclidean,distance,0.9,0.8888687235329703,1.0,0.28888888888888886,0.4454545454545455,0.5031147267345184
220,5,cosine,uniform,0.1,0.7257713248638838,0.3216315789473684,0.6444444444444445,0.41706137000254656,0.30510942868708185
220,5,cosine,uniform,0.2,0.7257713248638838,0.3216315789473684,0.6444444444444445,0.41706137000254656,0.30510942868708185
220,5,cosine,uniform,0.30000000000000004,0.8647307924984876,0.5933333333333333,0.4,0.459749373433584,0.4077975558601955
220,5,cosine,uniform,0.4,0.8647307924984876,0.5933333333333333,0.4,0.459749373433584,0.4077975558601955
220,5,cosine,uniform,0.5,0.8612825166364185,0.6428571428571429,0.22222222222222224,0.3068181818181818,0.31025142961326463
220,5,cosine,uniform,0.6,0.8612825166364185,0.6428571428571429,0.22222222222222224,0.3068181818181818,0.31025142961326463
220,5,cosine,uniform,0.7000000000000001,0.8612220205686631,1.0,0.11111111111111112,0.18545454545454548,0.23796571241658643
220,5,cosine,uniform,0.8,0.8612220205686631,1.0,0.11111111111111112,0.18545454545454548,0.23796571241658643
220,5,cosine,uniform,0.9,0.8437386569872958,1.0,0.0,0.0,0.0
220,5,cosine,distance,0.1,0.823049001814882,0.47000000000000003,0.6,0.5121819040354509,0.423371348712104
220,5,cosine,distance,0.2,0.8681790683605566,0.5888888888888888,0.5111111111111112,0.5422222222222222,0.4708210767704112
220,5,cosine,distance,0.30000000000000004,0.8994555353901996,0.8092857142857144,0.48888888888888893,0.5932773109243697,0.5717825416315259
220,5,cosine,distance,0.4,0.8924379915305505,0.8057142857142857,0.4444444444444445,0.5512987012987013,0.53557032015687
220,5,cosine,distance,0.5,0.8855414398064125,0.7933333333333333,0.3555555555555555,0.47290043290043293,0.47267368572060553
220,5,cosine,distance,0.6,0.8889292196007259,0.86,0.3333333333333333,0.46953046953046956,0.4873755857507899
220,5,cosine,distance,0.7000000000000001,0.8888687235329703,1.0,0.28888888888888886,0.43580419580419577,0.4947552534348783
220,5,cosine,distance,0.8,0.8888687235329703,1.0,0.28888888888888886,0.43580419580419577,0.4947552534348783
220,5,cosine,distance,0.9,0.8713853599516032,1.0,0.17777777777777776,0.27999999999999997,0.3415125543464319
220,5,euclidean,uniform,0.1,0.7776769509981852,0.3788144603934077,0.6222222222222222,0.46608465608465605,0.3577213729730204
220,5,euclidean,uniform,0.2,0.7776769509981852,0.3788144603934077,0.6222222222222222,0.46608465608465605,0.3577213729730204
220,5,euclidean,uniform,0.30000000000000004,0.8542649727767694,0.5776190476190476,0.28888888888888886,0.37765567765567765,0.33345130274936347
220,5,euclidean,uniform,0.4,0.8542649727767694,0.5776190476190476,0.28888888888888886,0.37765567765567765,0.33345130274936347
220,5,euclidean,uniform,0.5,0.8647307924984876,0.8,0.15555555555555556,0.25272727272727274,0.3092131975040808
220,5,euclidean,uniform,0.6,0.8647307924984876,0.8,0.15555555555555556,0.25272727272727274,0.3092131975040808
220,5,euclidean,uniform,0.7000000000000001,0.8507562008469449,0.8,0.06666666666666667,0.11272727272727275,0.13853547671734862
220,5,euclidean,uniform,0.8,0.8507562008469449,0.8,0.06666666666666667,0.11272727272727275,0.13853547671734862
220,5,euclidean,uniform,0.9,0.8472474289171202,1.0,0.02222222222222222,0.04,0.06172133998483677
220,5,euclidean,distance,0.1,0.8124016938898972,0.4365487453722747,0.6222222222222222,0.5051896338955163,0.41054750385548927
220,5,euclidean,distance,0.2,0.8749546279491833,0.6373015873015874,0.5333333333333334,0.5670152946468736,0.5061114051844513
220,5,euclidean,distance,0.30000000000000004,0.8784633998790078,0.7214285714285713,0.4222222222222222,0.5173076923076924,0.482764036051013
220,5,euclidean,distance,0.4,0.8958257713248639,0.8628571428571428,0.4222222222222222,0.5535714285714286,0.5508867498369574
220,5,euclidean,distance,0.5,0.8958257713248639,1.0,0.3333333333333333,0.49160839160839165,0.5391574967318687
220,5,euclidean,distance,0.6,0.8958257713248639,1.0,0.3333333333333333,0.49160839160839165,0.5391574967318687
220,5,euclidean,distance,0.7000000000000001,0.8818511796733212,1.0,0.2444444444444444,0.37272727272727274,0.4150376255244096
220,5,euclidean,distance,0.8,0.8818511796733212,1.0,0.2444444444444444,0.37272727272727274,0.4150376255244096
220,5,euclidean,distance,0.9,0.854204476709014,1.0,0.06666666666666667,0.11272727272727275,0.14988861120647756
220,7,cosine,uniform,0.1,0.6250453720508167,0.24002164502164497,0.6666666666666667,0.3481152181152182,0.21134246468384213
220,7,cosine,uniform,0.2,0.8299455535390198,0.460546218487395,0.4444444444444445,0.4293794440853264,0.3474722358674268
220,7,cosine,uniform,0.30000000000000004,0.8508771929824561,0.5166666666666667,0.3111111111111111,0.35641025641025637,0.3129451195932158
220,7,cosine,uniform,0.4,0.8508771929824561,0.5166666666666667,0.3111111111111111,0.35641025641025637,0.3129451195932158
220,7,cosine,uniform,0.5,0.8647307924984876,0.6333333333333333,0.19999999999999998,0.2988344988344988,0.30549678175750766
220,7,cosine,uniform,0.6,0.8472474289171202,0.8,0.04444444444444444,0.08,0.11217971549207655
220,7,cosine,uniform,0.7000000000000001,0.8472474289171202,0.8,0.04444444444444444,0.08,0.11217971549207655
220,7,cosine,uniform,0.8,0.8472474289171202,1.0,0.02222222222222222,0.04,0.06172133998483677
220,7,cosine,uniform,0.9,0.8437386569872958,1.0,0.0,0.0,0.0
220,7,cosine,distance,0.1,0.7849364791288567,0.38501104158998894,0.6444444444444445,0.47880519480519473,0.3759551770282462
220,7,cosine,distance,0.2,0.8750756200846945,0.6391774891774891,0.48888888888888893,0.538974358974359,0.4838940787012767
220,7,cosine,distance,0.30000000000000004,0.8820326678765881,0.7248917748917749,0.4666666666666667,0.538974358974359,0.5077827688092725
220,7,cosine,distance,0.4,0.8926194797338172,0.780952380952381,0.4444444444444445,0.5483333333333332,0.5288320075378715
220,7,cosine,distance,0.5,0.885480943738657,0.8333333333333333,0.3333333333333333,0.46191142191142187,0.47394650878976136
220,7,cosine,distance,0.6,0.8923169993950394,1.0,0.31111111111111106,0.4588811188811189,0.512775980507689
220,7,cosine,distance,0.7000000000000001,0.8852994555353902,1.0,0.2666666666666667,0.3988811188811189,0.4656311097021624
220,7,cosine,distance,0.8,0.8748941318814276,1.0,0.19999999999999998,0.3127272727272727,0.36786831557170396
220,7,cosine,distance,0.9,0.8713853599516032,1.0,0.17777777777777776,0.27999999999999997,0.3415125543464319
220,7,euclidean,uniform,0.1,0.7360556563823353,0.33206521739130435,0.6444444444444445,0.4316092603049125,0.31685902222952045
220,7,euclidean,uniform,0.2,0.8542649727767694,0.574090909090909,0.39999999999999997,0.45432449903038136,0.3926795357890652
220,7,euclidean,uniform,0.30000000000000004,0.8716273442226254,0.7766666666666666,0.26666666666666666,0.38538128538128535,0.3977934969638558
220,7,euclidean,uniform,0.4,0.8716273442226254,0.7766666666666666,0.26666666666666666,0.38538128538128535,0.3977934969638558
220,7,euclidean,uniform,0.5,0.854204476709014,0.8,0.08888888888888888,0.15272727272727274,0.2003469867137173
220,7,euclidean,uniform,0.6,0.8437991530550516,0.8,0.02222222222222222,0.04,0.05036820549570782
220,7,euclidean,uniform,0.7000000000000001,0.8437991530550516,0.8,0.02222222222222222,0.04,0.05036820549570782
220,7,euclidean,uniform,0.8,0.8437386569872958,1.0,0.0,0.0,0.0
220,7,euclidean,uniform,0.9,0.8437386569872958,1.0,0.0,0.0,0.0
220,7,euclidean,distance,0.1,0.7811857229280097,0.39073260073260074,0.6444444444444445,0.4777451465654732,0.3768243750531186
220,7,euclidean,distance,0.2,0.8820326678765881,0.7194444444444444,0.48888888888888893,0.5543991955756662,0.5177194644384568
220,7,euclidean,distance,0.30000000000000004,0.892377495462795,0.8533333333333333,0.39999999999999997,0.5352380952380953,0.5324405744895311
220,7,euclidean,distance,0.4,0.8992740471869329,0.9199999999999999,0.39999999999999997,0.5516483516483517,0.5634771956126989
220,7,euclidean,distance,0.5,0.8852994555353902,1.0,0.26666666666666666,0.39580419580419585,0.43305835259722036
220,7,euclidean,distance,0.6,0.8818511796733212,1.0,0.2444444444444444,0.37272727272727274,0.4150376255244096
220,7,euclidean,distance,0.7000000000000001,0.8748941318814276,1.0,0.19999999999999998,0.3127272727272727,0.36786831557170396
220,7,euclidean,distance,0.8,0.8644888082274651,1.0,0.13333333333333336,0.22545454545454544,0.29991627071884486
220,7,euclidean,distance,0.9,0.8506957047791893,1.0,0.04444444444444444,0.08,0.12353284998120548
220,9,cosine,uniform,0.1,0.5591046581972172,0.21432234432234432,0.7111111111111111,0.32720681617233344,0.17885472759270413
220,9,cosine,uniform,0.2,0.7849969751966122,0.3815307499518026,0.5555555555555556,0.43647186147186146,0.3325011882204734
220,9,cosine,uniform,0.30000000000000004,0.8612220205686631,0.5900000000000001,0.39999999999999997,0.4531868131868132,0.4027228549087788
220,9,cosine,uniform,0.4,0.8612220205686631,0.6266666666666667,0.22222222222222224,0.3203463203463203,0.3129611402932591
220,9,cosine,uniform,0.5,0.8576527525710829,0.9,0.11111111111111112,0.18909090909090906,0.2476310068155625
220,9,cosine,uniform,0.6,0.8472474289171202,1.0,0.02222222222222222,0.04,0.06172133998483677
220,9,cosine,uniform,0.7000000000000001,0.8472474289171202,1.0,0.02222222222222222,0.04,0.06172133998483677
220,9,cosine,uniform,0.8,0.8437386569872958,1.0,0.0,0.0,0.0
220,9,cosine,uniform,0.9,0.8437386569872958,1.0,0.0,0.0,0.0
220,9,cosine,distance,0.1,0.7884452510586812,0.3971561771561772,0.6666666666666667,0.49274682306940365,0.39518721398596246
220,9,cosine,distance,0.2,0.8681790683605566,0.6024675324675324,0.5555555555555556,0.5586234817813766,0.4948894242413048
220,9,cosine,distance,0.30000000000000004,0.8924984875983061,0.7631746031746032,0.48888888888888893,0.5765079365079365,0.546650459533573
220,9,cosine,distance,0.4,0.8820326678765881,0.8076190476190476,0.3555555555555555,0.4767565767565768,0.4755404766760054
220,9,cosine,distance,0.5,0.8888687235329703,0.96,0.31111111111111106,0.4500899100899101,0.4951684363455497
220,9,cosine,distance,0.6,0.8818511796733212,1.0,0.24444444444444446,0.3758041958041958,0.44761038262935154
220,9,cosine,distance,0.7000000000000001,0.8748941318814276,1.0,0.19999999999999998,0.3127272727272727,0.36786831557170396
220,9,cosine,distance,0.8,0.8748941318814276,1.0,0.19999999999999998,0.3127272727272727,0.36786831557170396
220,9,cosine,distance,0.9,0.8713853599516032,1.0,0.17777777777777776,0.27999999999999997,0.3415125543464319
220,9,euclidean,uniform,0.1,0.6944343617664852,0.3015032679738562,0.711111111111111,0.4206461585771931,0.3049826345532486
220,9,euclidean,uniform,0.2,0.857652752571083,0.5499145299145299,0.5555555555555556,0.540472393103972,0.4651603804172943
220,9,euclidean,uniform,0.30000000000000004,0.854325468844525,0.5683333333333334,0.3111111111111111,0.3909071320836027,0.34180156049500565
220,9,euclidean,uniform,0.4,0.8611010284331518,0.6333333333333333,0.2,0.2884848484848485,0.2965258711028623
220,9,euclidean,uniform,0.5,0.8507562008469449,0.8,0.06666666666666667,0.11272727272727275,0.13853547671734862
220,9,euclidean,uniform,0.6,0.8437386569872958,1.0,0.0,0.0,0.0
220,9,euclidean,uniform,0.7000000000000001,0.8437386569872958,1.0,0.0,0.0,0.0
220,9,euclidean,uniform,0.8,0.8437386569872958,1.0,0.0,0.0,0.0
220,9,euclidean,uniform,0.9,0.8437386569872958,1.0,0.0,0.0,0.0
220,9,euclidean,distance,0.1,0.7915305505142165,0.4133333333333334,0.711111111111111,0.5164203612479474,0.4260673027163932
220,9,euclidean,distance,0.2,0.8888082274652147,0.685873015873016,0.5777777777777777,0.6130679262258211,0.5605975176014002
220,9,euclidean,distance,0.30000000000000004,0.892377495462795,0.7961904761904762,0.4444444444444445,0.5602380952380953,0.537830718081137
220,9,euclidean,distance,0.4,0.8887477313974592,0.9333333333333332,0.3333333333333333,0.46974358974358976,0.5024258860932325
220,9,euclidean,distance,0.5,0.8748941318814276,1.0,0.19999999999999998,0.3127272727272727,0.36786831557170396
220,9,euclidean,distance,0.6,0.8713853599516032,1.0,0.17777777777777776,0.27999999999999997,0.3415125543464319
220,9,euclidean,distance,0.7000000000000001,0.8713853599516032,1.0,0.17777777777777776,0.27999999999999997,0.3415125543464319
220,9,euclidean,distance,0.8,0.8541439806412583,1.0,0.06666666666666667,0.12000000000000002,0.1853443599775742
220,9,euclidean,distance,0.9,0.8506957047791893,1.0,0.04444444444444444,0.08,0.12353284998120548
