C,kernel,fold,threshold,accuracy,precision,recall,f1,mcc
0.01,linear,1,0.1,0.5263157894736842,0.5263157894736842,1.0,0.6896551724137931,0.0
0.01,linear,1,0.2,0.5263157894736842,0.5263157894736842,1.0,0.6896551724137931,0.0
0.01,linear,1,0.30000000000000004,0.5263157894736842,0.5263157894736842,1.0,0.6896551724137931,0.0
0.01,linear,1,0.4,0.42105263157894735,0.4666666666666667,0.7,0.56,-0.23134069792952236
0.01,linear,1,0.5,0.6842105263157895,0.8333333333333334,0.5,0.625,0.41773367652300253
0.01,linear,1,0.6,0.5263157894736842,1.0,0.1,0.18181818181818182,0.22360679774997896
0.01,linear,1,0.7000000000000001,0.5263157894736842,1.0,0.1,0.18181818181818182,0.22360679774997896
0.01,linear,1,0.8,0.5263157894736842,1.0,0.1,0.18181818181818182,0.22360679774997896
0.01,linear,1,0.9,0.47368421052631576,1.0,0.0,0.0,0.0
0.01,linear,2,0.1,0.5263157894736842,0.5263157894736842,1.0,0.6896551724137931,0.0
0.01,linear,2,0.2,0.5263157894736842,0.5263157894736842,1.0,0.6896551724137931,0.0
0.01,linear,2,0.30000000000000004,0.5263157894736842,0.5263157894736842,1.0,0.6896551724137931,0.0
0.01,linear,2,0.4,0.5263157894736842,0.5263157894736842,1.0,0.6896551724137931,0.0
0.01,linear,2,0.5,0.5789473684210527,0.6,0.6,0.6,0.15555555555555556
0.01,linear,2,0.6,0.42105263157894735,0.3333333333333333,0.1,0.15384615384615385,-0.16735967034880075
0.01,linear,2,0.7000000000000001,0.3684210526315789,0.0,0.0,0.0,-0.3615507630310936
0.01,linear,2,0.8,0.42105263157894735,0.0,0.0,0.0,-0.24845199749997662
0.01,linear,2,0.9,0.47368421052631576,1.0,0.0,0.0,0.0
0.01,linear,3,0.1,0.47368421052631576,0.47368421052631576,1.0,0.6428571428571429,0.0
0.01,linear,3,0.2,0.42105263157894735,0.4444444444444444,0.8888888888888888,0.5925925925925926,-0.24845199749997662
0.01,linear,3,0.30000000000000004,0.47368421052631576,0.47058823529411764,0.8888888888888888,0.6153846153846154,-0.018077538151554683
0.01,linear,3,0.4,0.6842105263157895,0.6153846153846154,0.8888888888888888,0.7272727272727273,0.41773367652300253
0.01,linear,3,0.5,0.7368421052631579,0.75,0.6666666666666666,0.7058823529411765,0.47193990372426947
0.01,linear,3,0.6,0.5789473684210527,0.6666666666666666,0.2222222222222222,0.3333333333333333,0.16735967034880075
0.01,linear,3,0.7000000000000001,0.5263157894736842,0.5,0.1111111111111111,0.18181818181818182,0.018077538151554683
0.01,linear,3,0.8,0.5263157894736842,1.0,0.0,0.0,0.0
0.01,linear,3,0.9,0.5263157894736842,1.0,0.0,0.0,0.0
0.01,linear,4,0.1,0.5263157894736842,0.5,1.0,0.6666666666666666,0.22360679774997896
0.01,linear,4,0.2,0.5263157894736842,0.5,1.0,0.6666666666666666,0.22360679774997896
0.01,linear,4,0.30000000000000004,0.47368421052631576,0.47058823529411764,0.8888888888888888,0.6153846153846154,-0.018077538151554683
0.01,linear,4,0.4,0.42105263157894735,0.4375,0.7777777777777778,0.56,-0.16735967034880075
0.01,linear,4,0.5,0.5789473684210527,0.5384615384615384,0.7777777777777778,0.6363636363636364,0.19096396641051544
0.01,linear,4,0.6,0.5263157894736842,1.0,0.0,0.0,0.0
0.01,linear,4,0.7000000000000001,0.5263157894736842,1.0,0.0,0.0,0.0
0.01,linear,4,0.8,0.5263157894736842,1.0,0.0,0.0,0.0
0.01,linear,4,0.9,0.5263157894736842,1.0,0.0,0.0,0.0
0.01,linear,5,0.1,0.5,0.5,1.0,0.6666666666666666,0.0
0.01,linear,5,0.2,0.5,0.5,1.0,0.6666666666666666,0.0
0.01,linear,5,0.30000000000000004,0.5555555555555556,0.5294117647058824,1.0,0.6923076923076923,0.24253562503633297
0.01,linear,5,0.4,0.6111111111111112,0.5833333333333334,0.7777777777777778,0.6666666666666666,0.2357022603955158
0.01,linear,5,0.5,0.8333333333333334,1.0,0.6666666666666666,0.8,0.7071067811865475
0.01,linear,5,0.6,0.7222222222222222,1.0,0.4444444444444444,0.6153846153846154,0.5345224838248488
0.01,linear,5,0.7000000000000001,0.6666666666666666,1.0,0.3333333333333333,0.5,0.4472135954999579
0.01,linear,5,0.8,0.5555555555555556,1.0,0.1111111111111111,0.2,0.24253562503633297
0.01,linear,5,0.9,0.5,1.0,0.0,0.0,0.0
0.01,rbf,1,0.1,0.5263157894736842,0.5263157894736842,1.0,0.6896551724137931,0.0
0.01,rbf,1,0.2,0.5263157894736842,0.5263157894736842,1.0,0.6896551724137931,0.0
0.01,rbf,1,0.30000000000000004,0.5263157894736842,0.5263157894736842,1.0,0.6896551724137931,0.0
0.01,rbf,1,0.4,0.5263157894736842,0.5263157894736842,1.0,0.6896551724137931,0.0
0.01,rbf,1,0.5,0.5263157894736842,0.5263157894736842,1.0,0.6896551724137931,0.0
0.01,rbf,1,0.6,0.47368421052631576,1.0,0.0,0.0,0.0
0.01,rbf,1,0.7000000000000001,0.47368421052631576,1.0,0.0,0.0,0.0
0.01,rbf,1,0.8,0.47368421052631576,1.0,0.0,0.0,0.0
0.01,rbf,1,0.9,0.47368421052631576,1.0,0.0,0.0,0.0
0.01,rbf,2,0.1,0.5263157894736842,0.5263157894736842,1.0,0.6896551724137931,0.0
0.01,rbf,2,0.2,0.5263157894736842,0.5263157894736842,1.0,0.6896551724137931,0.0
0.01,rbf,2,0.30000000000000004,0.5263157894736842,0.5263157894736842,1.0,0.6896551724137931,0.0
0.01,rbf,2,0.4,0.5263157894736842,0.5263157894736842,1.0,0.6896551724137931,0.0
0.01,rbf,2,0.5,0.5263157894736842,0.5263157894736842,1.0,0.6896551724137931,0.0
0.01,rbf,2,0.6,0.47368421052631576,1.0,0.0,0.0,0.0
0.01,rbf,2,0.7000000000000001,0.47368421052631576,1.0,0.0,0.0,0.0
0.01,rbf,2,0.8,0.47368421052631576,1.0,0.0,0.0,0.0
0.01,rbf,2,0.9,0.47368421052631576,1.0,0.0,0.0,0.0
0.01,rbf,3,0.1,0.47368421052631576,0.47368421052631576,1.0,0.6428571428571429,0.0
0.01,rbf,3,0.2,0.47368421052631576,0.47368421052631576,1.0,0.6428571428571429,0.0
0.01,rbf,3,0.30000000000000004,0.47368421052631576,0.47368421052631576,1.0,0.6428571428571429,0.0
0.01,rbf,3,0.4,0.47368421052631576,0.47368421052631576,1.0,0.6428571428571429,0.0
0.01,rbf,3,0.5,0.5263157894736842,1.0,0.0,0.0,0.0
0.01,rbf,3,0.6,0.5263157894736842,1.0,0.0,0.0,0.0
0.01,rbf,3,0.7000000000000001,0.5263157894736842,1.0,0.0,0.0,0.0
0.01,rbf,3,0.8,0.5263157894736842,1.0,0.0,0.0,0.0
0.01,rbf,3,0.9,0.5263157894736842,1.0,0.0,0.0,0.0
0.01,rbf,4,0.1,0.47368421052631576,0.47368421052631576,1.0,0.6428571428571429,0.0
0.01,rbf,4,0.2,0.47368421052631576,0.47368421052631576,1.0,0.6428571428571429,0.0
0.01,rbf,4,0.30000000000000004,0.47368421052631576,0.47368421052631576,1.0,0.6428571428571429,0.0
0.01,rbf,4,0.4,0.47368421052631576,0.47368421052631576,1.0,0.6428571428571429,0.0
0.01,rbf,4,0.5,0.5263157894736842,1.0,0.0,0.0,0.0
0.01,rbf,4,0.6,0.5263157894736842,1.0,0.0,0.0,0.0
0.01,rbf,4,0.7000000000000001,0.5263157894736842,1.0,0.0,0.0,0.0
0.01,rbf,4,0.8,0.5263157894736842,1.0,0.0,0.0,0.0
0.01,rbf,4,0.9,0.5263157894736842,1.0,0.0,0.0,0.0
0.01,rbf,5,0.1,0.5,0.5,1.0,0.6666666666666666,0.0
0.01,rbf,5,0.2,0.5,0.5,1.0,0.6666666666666666,0.0
0.01,rbf,5,0.30000000000000004,0.5,0.5,1.0,0.6666666666666666,0.0
0.01,rbf,5,0.4,0.5,0.5,1.0,0.6666666666666666,0.0
0.01,rbf,5,0.5,0.5,0.5,1.0,0.6666666666666666,0.0
0.01,rbf,5,0.6,0.5,1.0,0.0,0.0,0.0
0.01,rbf,5,0.7000000000000001,0.5,1.0,0.0,0.0,0.0
0.01,rbf,5,0.8,0.5,1.0,0.0,0.0,0.0
0.01,rbf,5,0.9,0.5,1.0,0.0,0.0,0.0
0.01,poly,1,0.1,0.5263157894736842,0.5263157894736842,1.0,0.6896551724137931,0.0
0.01,poly,1,0.2,0.5263157894736842,0.5263157894736842,1.0,0.6896551724137931,0.0
0.01,poly,1,0.30000000000000004,0.5263157894736842,0.5263157894736842,1.0,0.6896551724137931,0.0
0.01,poly,1,0.4,0.5263157894736842,0.5263157894736842,1.0,0.6896551724137931,0.0
0.01,poly,1,0.5,0.5263157894736842,0.5263157894736842,1.0,0.6896551724137931,0.0
0.01,poly,1,0.6,0.47368421052631576,1.0,0.0,0.0,0.0
0.01,poly,1,0.7000000000000001,0.47368421052631576,1.0,0.0,0.0,0.0
0.01,poly,1,0.8,0.47368421052631576,1.0,0.0,0.0,0.0
0.01,poly,1,0.9,0.47368421052631576,1.0,0.0,0.0,0.0
0.01,poly,2,0.1,0.5263157894736842,0.5263157894736842,1.0,0.6896551724137931,0.0
0.01,poly,2,0.2,0.5263157894736842,0.5263157894736842,1.0,0.6896551724137931,0.0
0.01,poly,2,0.30000000000000004,0.5263157894736842,0.5263157894736842,1.0,0.6896551724137931,0.0
0.01,poly,2,0.4,0.5263157894736842,0.5263157894736842,1.0,0.6896551724137931,0.0
0.01,poly,2,0.5,0.5263157894736842,0.5263157894736842,1.0,0.6896551724137931,0.0
0.01,poly,2,0.6,0.47368421052631576,1.0,0.0,0.0,0.0
0.01,poly,2,0.7000000000000001,0.47368421052631576,1.0,0.0,0.0,0.0
0.01,poly,2,0.8,0.47368421052631576,1.0,0.0,0.0,0.0
0.01,poly,2,0.9,0.47368421052631576,1.0,0.0,0.0,0.0
0.01,poly,3,0.1,0.47368421052631576,0.47368421052631576,1.0,0.6428571428571429,0.0
0.01,poly,3,0.2,0.47368421052631576,0.47368421052631576,1.0,0.6428571428571429,0.0
0.01,poly,3,0.30000000000000004,0.47368421052631576,0.47368421052631576,1.0,0.6428571428571429,0.0
0.01,poly,3,0.4,0.47368421052631576,0.47368421052631576,1.0,0.6428571428571429,0.0
0.01,poly,3,0.5,0.5263157894736842,0.5,1.0,0.6666666666666666,0.22360679774997896
0.01,poly,3,0.6,0.5789473684210527,1.0,0.1111111111111111,0.2,0.24845199749997662
0.01,poly,3,0.7000000000000001,0.5789473684210527,1.0,0.1111111111111111,0.2,0.24845199749997662
0.01,poly,3,0.8,0.5263157894736842,1.0,0.0,0.0,0.0
0.01,poly,3,0.9,0.5263157894736842,1.0,0.0,0.0,0.0
0.01,poly,4,0.1,0.47368421052631576,0.47368421052631576,1.0,0.6428571428571429,0.0
0.01,poly,4,0.2,0.47368421052631576,0.47368421052631576,1.0,0.6428571428571429,0.0
0.01,poly,4,0.30000000000000004,0.47368421052631576,0.47368421052631576,1.0,0.6428571428571429,0.0
0.01,poly,4,0.4,0.47368421052631576,0.47368421052631576,1.0,0.6428571428571429,0.0
0.01,poly,4,0.5,0.5263157894736842,0.5,0.1111111111111111,0.18181818181818182,0.018077538151554683
0.01,poly,4,0.6,0.5263157894736842,1.0,0.0,0.0,0.0
0.01,poly,4,0.7000000000000001,0.5263157894736842,1.0,0.0,0.0,0.0
0.01,poly,4,0.8,0.5263157894736842,1.0,0.0,0.0,0.0
0.01,poly,4,0.9,0.5263157894736842,1.0,0.0,0.0,0.0
0.01,poly,5,0.1,0.5,0.5,1.0,0.6666666666666666,0.0
0.01,poly,5,0.2,0.5,0.5,1.0,0.6666666666666666,0.0
0.01,poly,5,0.30000000000000004,0.5,0.5,1.0,0.6666666666666666,0.0
0.01,poly,5,0.4,0.5,0.5,1.0,0.6666666666666666,0.0
0.01,poly,5,0.5,0.5,0.5,1.0,0.6666666666666666,0.0
0.01,poly,5,0.6,0.5,1.0,0.0,0.0,0.0
0.01,poly,5,0.7000000000000001,0.5,1.0,0.0,0.0,0.0
0.01,poly,5,0.8,0.5,1.0,0.0,0.0,0.0
0.01,poly,5,0.9,0.5,1.0,0.0,0.0,0.0
0.01,sigmoid,1,0.1,0.5263157894736842,0.5263157894736842,1.0,0.6896551724137931,0.0
0.01,sigmoid,1,0.2,0.5263157894736842,0.5263157894736842,1.0,0.6896551724137931,0.0
0.01,sigmoid,1,0.30000000000000004,0.5263157894736842,0.5263157894736842,1.0,0.6896551724137931,0.0
0.01,sigmoid,1,0.4,0.5263157894736842,0.5263157894736842,1.0,0.6896551724137931,0.0
0.01,sigmoid,1,0.5,0.5263157894736842,0.5263157894736842,1.0,0.6896551724137931,0.0
0.01,sigmoid,1,0.6,0.47368421052631576,1.0,0.0,0.0,0.0
0.01,sigmoid,1,0.7000000000000001,0.47368421052631576,1.0,0.0,0.0,0.0
0.01,sigmoid,1,0.8,0.47368421052631576,1.0,0.0,0.0,0.0
0.01,sigmoid,1,0.9,0.47368421052631576,1.0,0.0,0.0,0.0
0.01,sigmoid,2,0.1,0.5263157894736842,0.5263157894736842,1.0,0.6896551724137931,0.0
0.01,sigmoid,2,0.2,0.5263157894736842,0.5263157894736842,1.0,0.6896551724137931,0.0
0.01,sigmoid,2,0.30000000000000004,0.5263157894736842,0.5263157894736842,1.0,0.6896551724137931,0.0
0.01,sigmoid,2,0.4,0.5263157894736842,0.5263157894736842,1.0,0.6896551724137931,0.0
0.01,sigmoid,2,0.5,0.5263157894736842,0.5263157894736842,1.0,0.6896551724137931,0.0
0.01,sigmoid,2,0.6,0.47368421052631576,1.0,0.0,0.0,0.0
0.01,sigmoid,2,0.7000000000000001,0.47368421052631576,1.0,0.0,0.0,0.0
0.01,sigmoid,2,0.8,0.47368421052631576,1.0,0.0,0.0,0.0
0.01,sigmoid,2,0.9,0.47368421052631576,1.0,0.0,0.0,0.0
0.01,sigmoid,3,0.1,0.47368421052631576,0.47368421052631576,1.0,0.6428571428571429,0.0
0.01,sigmoid,3,0.2,0.47368421052631576,0.47368421052631576,1.0,0.6428571428571429,0.0
0.01,sigmoid,3,0.30000000000000004,0.47368421052631576,0.47368421052631576,1.0,0.6428571428571429,0.0
0.01,sigmoid,3,0.4,0.47368421052631576,0.47368421052631576,1.0,0.6428571428571429,0.0
0.01,sigmoid,3,0.5,0.5263157894736842,1.0,0.0,0.0,0.0
0.01,sigmoid,3,0.6,0.5263157894736842,1.0,0.0,0.0,0.0
0.01,sigmoid,3,0.7000000000000001,0.5263157894736842,1.0,0.0,0.0,0.0
0.01,sigmoid,3,0.8,0.5263157894736842,1.0,0.0,0.0,0.0
0.01,sigmoid,3,0.9,0.5263157894736842,1.0,0.0,0.0,0.0
0.01,sigmoid,4,0.1,0.47368421052631576,0.47368421052631576,1.0,0.6428571428571429,0.0
0.01,sigmoid,4,0.2,0.47368421052631576,0.47368421052631576,1.0,0.6428571428571429,0.0
0.01,sigmoid,4,0.30000000000000004,0.47368421052631576,0.47368421052631576,1.0,0.6428571428571429,0.0
0.01,sigmoid,4,0.4,0.47368421052631576,0.47368421052631576,1.0,0.6428571428571429,0.0
0.01,sigmoid,4,0.5,0.5263157894736842,1.0,0.0,0.0,0.0
0.01,sigmoid,4,0.6,0.5263157894736842,1.0,0.0,0.0,0.0
0.01,sigmoid,4,0.7000000000000001,0.5263157894736842,1.0,0.0,0.0,0.0
0.01,sigmoid,4,0.8,0.5263157894736842,1.0,0.0,0.0,0.0
0.01,sigmoid,4,0.9,0.5263157894736842,1.0,0.0,0.0,0.0
0.01,sigmoid,5,0.1,0.5,0.5,1.0,0.6666666666666666,0.0
0.01,sigmoid,5,0.2,0.5,0.5,1.0,0.6666666666666666,0.0
0.01,sigmoid,5,0.30000000000000004,0.5,0.5,1.0,0.6666666666666666,0.0
0.01,sigmoid,5,0.4,0.5,0.5,1.0,0.6666666666666666,0.0
0.01,sigmoid,5,0.5,0.5,0.5,1.0,0.6666666666666666,0.0
0.01,sigmoid,5,0.6,0.5,1.0,0.0,0.0,0.0
0.01,sigmoid,5,0.7000000000000001,0.5,1.0,0.0,0.0,0.0
0.01,sigmoid,5,0.8,0.5,1.0,0.0,0.0,0.0
0.01,sigmoid,5,0.9,0.5,1.0,0.0,0.0,0.0
0.1,linear,1,0.1,0.5263157894736842,0.5263157894736842,1.0,0.6896551724137931,0.0
0.1,linear,1,0.2,0.5263157894736842,0.5263157894736842,1.0,0.6896551724137931,0.0
0.1,linear,1,0.30000000000000004,0.5263157894736842,0.5263157894736842,1.0,0.6896551724137931,0.0
0.1,linear,1,0.4,0.5263157894736842,0.5263157894736842,1.0,0.6896551724137931,0.0
0.1,linear,1,0.5,0.7368421052631579,0.8571428571428571,0.6,0.7058823529411765,0.5060480768510598
0.1,linear,1,0.6,0.5263157894736842,1.0,0.1,0.18181818181818182,0.22360679774997896
0.1,linear,1,0.7000000000000001,0.5263157894736842,1.0,0.1,0.18181818181818182,0.22360679774997896
0.1,linear,1,0.8,0.47368421052631576,1.0,0.0,0.0,0.0
0.1,linear,1,0.9,0.47368421052631576,1.0,0.0,0.0,0.0
0.1,linear,2,0.1,0.5263157894736842,0.5263157894736842,1.0,0.6896551724137931,0.0
0.1,linear,2,0.2,0.5263157894736842,0.5263157894736842,1.0,0.6896551724137931,0.0
0.1,linear,2,0.30000000000000004,0.5263157894736842,0.5263157894736842,1.0,0.6896551724137931,0.0
0.1,linear,2,0.4,0.5789473684210527,0.5555555555555556,1.0,0.7142857142857143,0.24845199749997662
0.1,linear,2,0.5,0.631578947368421,0.7142857142857143,0.5,0.5882352941176471,0.2875273163926476
0.1,linear,2,0.6,0.47368421052631576,0.5,0.2,0.2857142857142857,-0.027216552697590865
0.1,linear,2,0.7000000000000001,0.42105263157894735,0.0,0.0,0.0,-0.24845199749997662
0.1,linear,2,0.8,0.42105263157894735,0.0,0.0,0.0,-0.24845199749997662
0.1,linear,2,0.9,0.47368421052631576,1.0,0.0,0.0,0.0
0.1,linear,3,0.1,0.47368421052631576,0.47368421052631576,1.0,0.6428571428571429,0.0
0.1,linear,3,0.2,0.42105263157894735,0.4444444444444444,0.8888888888888888,0.5925925925925926,-0.24845199749997662
0.1,linear,3,0.30000000000000004,0.47368421052631576,0.47058823529411764,0.8888888888888888,0.6153846153846154,-0.018077538151554683
0.1,linear,3,0.4,0.5263157894736842,0.5,0.8888888888888888,0.64,0.12171612389003691
0.1,linear,3,0.5,0.631578947368421,0.625,0.5555555555555556,0.5882352941176471,0.2584432806109095
0.1,linear,3,0.6,0.5263157894736842,0.5,0.1111111111111111,0.18181818181818182,0.018077538151554683
0.1,linear,3,0.7000000000000001,0.5263157894736842,0.5,0.1111111111111111,0.18181818181818182,0.018077538151554683
0.1,linear,3,0.8,0.5263157894736842,1.0,0.0,0.0,0.0
0.1,linear,3,0.9,0.5263157894736842,1.0,0.0,0.0,0.0
0.1,linear,4,0.1,0.47368421052631576,0.47368421052631576,1.0,0.6428571428571429,0.0
0.1,linear,4,0.2,0.47368421052631576,0.47368421052631576,1.0,0.6428571428571429,0.0
0.1,linear,4,0.30000000000000004,0.47368421052631576,0.47368421052631576,1.0,0.6428571428571429,0.0
0.1,linear,4,0.4,0.5263157894736842,0.5,1.0,0.6666666666666666,0.22360679774997896
0.1,linear,4,0.5,0.47368421052631576,0.4666666666666667,0.7777777777777778,0.5833333333333334,-0.027216552697590865
0.1,linear,4,0.6,0.5263157894736842,1.0,0.0,0.0,0.0
0.1,linear,4,0.7000000000000001,0.5263157894736842,1.0,0.0,0.0,0.0
0.1,linear,4,0.8,0.5263157894736842,1.0,0.0,0.0,0.0
0.1,linear,4,0.9,0.5263157894736842,1.0,0.0,0.0,0.0
0.1,linear,5,0.1,0.5,0.5,1.0,0.6666666666666666,0.0
0.1,linear,5,0.2,0.5,0.5,1.0,0.6666666666666666,0.0
0.1,linear,5,0.30000000000000004,0.5555555555555556,0.5294117647058824,1.0,0.6923076923076923,0.24253562503633297
0.1,linear,5,0.4,0.6111111111111112,0.5714285714285714,0.8888888888888888,0.6956521739130435,0.2672612419124244
0.1,linear,5,0.5,0.7222222222222222,0.8333333333333334,0.5555555555555556,0.6666666666666666,0.4714045207910316
0.1,linear,5,0.6,0.7222222222222222,1.0,0.4444444444444444,0.6153846153846154,0.5345224838248488
0.1,linear,5,0.7000000000000001,0.6666666666666666,1.0,0.3333333333333333,0.5,0.4472135954999579
0.1,linear,5,0.8,0.6111111111111112,1.0,0.2222222222222222,0.36363636363636365,0.3535533905932738
0.1,linear,5,0.9,0.5,1.0,0.0,0.0,0.0
0.1,rbf,1,0.1,0.5263157894736842,0.5263157894736842,1.0,0.6896551724137931,0.0
0.1,rbf,1,0.2,0.5263157894736842,0.5263157894736842,1.0,0.6896551724137931,0.0
0.1,rbf,1,0.30000000000000004,0.5263157894736842,0.5263157894736842,1.0,0.6896551724137931,0.0
0.1,rbf,1,0.4,0.5263157894736842,0.5263157894736842,1.0,0.6896551724137931,0.0
0.1,rbf,1,0.5,0.5263157894736842,0.5263157894736842,1.0,0.6896551724137931,0.0
0.1,rbf,1,0.6,0.47368421052631576,1.0,0.0,0.0,0.0
0.1,rbf,1,0.7000000000000001,0.47368421052631576,1.0,0.0,0.0,0.0
0.1,rbf,1,0.8,0.47368421052631576,1.0,0.0,0.0,0.0
0.1,rbf,1,0.9,0.47368421052631576,1.0,0.0,0.0,0.0
0.1,rbf,2,0.1,0.5263157894736842,0.5263157894736842,1.0,0.6896551724137931,0.0
0.1,rbf,2,0.2,0.5263157894736842,0.5263157894736842,1.0,0.6896551724137931,0.0
0.1,rbf,2,0.30000000000000004,0.5263157894736842,0.5263157894736842,1.0,0.6896551724137931,0.0
0.1,rbf,2,0.4,0.5263157894736842,0.5263157894736842,1.0,0.6896551724137931,0.0
0.1,rbf,2,0.5,0.5263157894736842,0.5263157894736842,1.0,0.6896551724137931,0.0
0.1,rbf,2,0.6,0.47368421052631576,1.0,0.0,0.0,0.0
0.1,rbf,2,0.7000000000000001,0.47368421052631576,1.0,0.0,0.0,0.0
0.1,rbf,2,0.8,0.47368421052631576,1.0,0.0,0.0,0.0
0.1,rbf,2,0.9,0.47368421052631576,1.0,0.0,0.0,0.0
0.1,rbf,3,0.1,0.47368421052631576,0.47368421052631576,1.0,0.6428571428571429,0.0
0.1,rbf,3,0.2,0.47368421052631576,0.47368421052631576,1.0,0.6428571428571429,0.0
0.1,rbf,3,0.30000000000000004,0.47368421052631576,0.47368421052631576,1.0,0.6428571428571429,0.0
0.1,rbf,3,0.4,0.47368421052631576,0.47368421052631576,1.0,0.6428571428571429,0.0
0.1,rbf,3,0.5,0.5263157894736842,1.0,0.0,0.0,0.0
0.1,rbf,3,0.6,0.5263157894736842,1.0,0.0,0.0,0.0
0.1,rbf,3,0.7000000000000001,0.5263157894736842,1.0,0.0,0.0,0.0
0.1,rbf,3,0.8,0.5263157894736842,1.0,0.0,0.0,0.0
0.1,rbf,3,0.9,0.5263157894736842,1.0,0.0,0.0,0.0
0.1,rbf,4,0.1,0.47368421052631576,0.47368421052631576,1.0,0.6428571428571429,0.0
0.1,rbf,4,0.2,0.47368421052631576,0.47368421052631576,1.0,0.6428571428571429,0.0
0.1,rbf,4,0.30000000000000004,0.47368421052631576,0.47368421052631576,1.0,0.6428571428571429,0.0
0.1,rbf,4,0.4,0.47368421052631576,0.47368421052631576,1.0,0.6428571428571429,0.0
0.1,rbf,4,0.5,0.5263157894736842,1.0,0.0,0.0,0.0
0.1,rbf,4,0.6,0.5263157894736842,1.0,0.0,0.0,0.0
0.1,rbf,4,0.7000000000000001,0.5263157894736842,1.0,0.0,0.0,0.0
0.1,rbf,4,0.8,0.5263157894736842,1.0,0.0,0.0,0.0
0.1,rbf,4,0.9,0.5263157894736842,1.0,0.0,0.0,0.0
0.1,rbf,5,0.1,0.5,0.5,1.0,0.6666666666666666,0.0
0.1,rbf,5,0.2,0.5,0.5,1.0,0.6666666666666666,0.0
0.1,rbf,5,0.30000000000000004,0.5,0.5,1.0,0.6666666666666666,0.0
0.1,rbf,5,0.4,0.5,0.5,1.0,0.6666666666666666,0.0
0.1,rbf,5,0.5,0.5,0.5,1.0,0.6666666666666666,0.0
0.1,rbf,5,0.6,0.5,1.0,0.0,0.0,0.0
0.1,rbf,5,0.7000000000000001,0.5,1.0,0.0,0.0,0.0
0.1,rbf,5,0.8,0.5,1.0,0.0,0.0,0.0
0.1,rbf,5,0.9,0.5,1.0,0.0,0.0,0.0
0.1,poly,1,0.1,0.5263157894736842,0.5263157894736842,1.0,0.6896551724137931,0.0
0.1,poly,1,0.2,0.5263157894736842,0.5263157894736842,1.0,0.6896551724137931,0.0
0.1,poly,1,0.30000000000000004,0.5263157894736842,0.5263157894736842,1.0,0.6896551724137931,0.0
0.1,poly,1,0.4,0.5263157894736842,0.5263157894736842,1.0,0.6896551724137931,0.0
0.1,poly,1,0.5,0.47368421052631576,0.5,0.9,0.6428571428571429,-0.22360679774997896
0.1,poly,1,0.6,0.47368421052631576,1.0,0.0,0.0,0.0
0.1,poly,1,0.7000000000000001,0.47368421052631576,1.0,0.0,0.0,0.0
0.1,poly,1,0.8,0.47368421052631576,1.0,0.0,0.0,0.0
0.1,poly,1,0.9,0.47368421052631576,1.0,0.0,0.0,0.0
0.1,poly,2,0.1,0.5263157894736842,0.5263157894736842,1.0,0.6896551724137931,0.0
0.1,poly,2,0.2,0.5263157894736842,0.5263157894736842,1.0,0.6896551724137931,0.0
0.1,poly,2,0.30000000000000004,0.5263157894736842,0.5263157894736842,1.0,0.6896551724137931,0.0
0.1,poly,2,0.4,0.5263157894736842,0.5263157894736842,1.0,0.6896551724137931,0.0
0.1,poly,2,0.5,0.42105263157894735,0.0,0.0,0.0,-0.24845199749997662
0.1,poly,2,0.6,0.47368421052631576,1.0,0.0,0.0,0.0
0.1,poly,2,0.7000000000000001,0.47368421052631576,1.0,0.0,0.0,0.0
0.1,poly,2,0.8,0.47368421052631576,1.0,0.0,0.0,0.0
0.1,poly,2,0.9,0.47368421052631576,1.0,0.0,0.0,0.0
0.1,poly,3,0.1,0.47368421052631576,0.47368421052631576,1.0,0.6428571428571429,0.0
0.1,poly,3,0.2,0.47368421052631576,0.47368421052631576,1.0,0.6428571428571429,0.0
0.1,poly,3,0.30000000000000004,0.47368421052631576,0.47368421052631576,1.0,0.6428571428571429,0.0
0.1,poly,3,0.4,0.47368421052631576,0.47368421052631576,1.0,0.6428571428571429,0.0
0.1,poly,3,0.5,0.47368421052631576,0.47368421052631576,1.0,0.6428571428571429,0.0
0.1,poly,3,0.6,0.5789473684210527,1.0,0.1111111111111111,0.2,0.24845199749997662
0.1,poly,3,0.7000000000000001,0.5263157894736842,1.0,0.0,0.0,0.0
0.1,poly,3,0.8,0.5263157894736842,1.0,0.0,0.0,0.0
0.1,poly,3,0.9,0.5263157894736842,1.0,0.0,0.0,0.0
0.1,poly,4,0.1,0.47368421052631576,0.47368421052631576,1.0,0.6428571428571429,0.0
0.1,poly,4,0.2,0.47368421052631576,0.47368421052631576,1.0,0.6428571428571429,0.0
0.1,poly,4,0.30000000000000004,0.47368421052631576,0.47368421052631576,1.0,0.6428571428571429,0.0
0.1,poly,4,0.4,0.47368421052631576,0.47368421052631576,1.0,0.6428571428571429,0.0
0.1,poly,4,0.5,0.5263157894736842,1.0,0.0,0.0,0.0
0.1,poly,4,0.6,0.5263157894736842,1.0,0.0,0.0,0.0
0.1,poly,4,0.7000000000000001,0.5263157894736842,1.0,0.0,0.0,0.0
0.1,poly,4,0.8,0.5263157894736842,1.0,0.0,0.0,0.0
0.1,poly,4,0.9,0.5263157894736842,1.0,0.0,0.0,0.0
0.1,poly,5,0.1,0.5,0.5,1.0,0.6666666666666666,0.0
0.1,poly,5,0.2,0.5,0.5,1.0,0.6666666666666666,0.0
0.1,poly,5,0.30000000000000004,0.5,0.5,1.0,0.6666666666666666,0.0
0.1,poly,5,0.4,0.5,0.5,1.0,0.6666666666666666,0.0
0.1,poly,5,0.5,0.5,0.5,1.0,0.6666666666666666,0.0
0.1,poly,5,0.6,0.5,0.5,1.0,0.6666666666666666,0.0
0.1,poly,5,0.7000000000000001,0.5,1.0,0.0,0.0,0.0
0.1,poly,5,0.8,0.5,1.0,0.0,0.0,0.0
0.1,poly,5,0.9,0.5,1.0,0.0,0.0,0.0
0.1,sigmoid,1,0.1,0.5263157894736842,0.5263157894736842,1.0,0.6896551724137931,0.0
0.1,sigmoid,1,0.2,0.5263157894736842,0.5263157894736842,1.0,0.6896551724137931,0.0
0.1,sigmoid,1,0.30000000000000004,0.5263157894736842,0.5263157894736842,1.0,0.6896551724137931,0.0
0.1,sigmoid,1,0.4,0.5263157894736842,0.5263157894736842,1.0,0.6896551724137931,0.0
0.1,sigmoid,1,0.5,0.5263157894736842,0.5263157894736842,1.0,0.6896551724137931,0.0
0.1,sigmoid,1,0.6,0.47368421052631576,1.0,0.0,0.0,0.0
0.1,sigmoid,1,0.7000000000000001,0.47368421052631576,1.0,0.0,0.0,0.0
0.1,sigmoid,1,0.8,0.47368421052631576,1.0,0.0,0.0,0.0
0.1,sigmoid,1,0.9,0.47368421052631576,1.0,0.0,0.0,0.0
0.1,sigmoid,2,0.1,0.5263157894736842,0.5263157894736842,1.0,0.6896551724137931,0.0
0.1,sigmoid,2,0.2,0.5263157894736842,0.5263157894736842,1.0,0.6896551724137931,0.0
0.1,sigmoid,2,0.30000000000000004,0.5263157894736842,0.5263157894736842,1.0,0.6896551724137931,0.0
0.1,sigmoid,2,0.4,0.5263157894736842,0.5263157894736842,1.0,0.6896551724137931,0.0
0.1,sigmoid,2,0.5,0.5263157894736842,0.5263157894736842,1.0,0.6896551724137931,0.0
0.1,sigmoid,2,0.6,0.47368421052631576,1.0,0.0,0.0,0.0
0.1,sigmoid,2,0.7000000000000001,0.47368421052631576,1.0,0.0,0.0,0.0
0.1,sigmoid,2,0.8,0.47368421052631576,1.0,0.0,0.0,0.0
0.1,sigmoid,2,0.9,0.47368421052631576,1.0,0.0,0.0,0.0
0.1,sigmoid,3,0.1,0.47368421052631576,0.47368421052631576,1.0,0.6428571428571429,0.0
0.1,sigmoid,3,0.2,0.47368421052631576,0.47368421052631576,1.0,0.6428571428571429,0.0
0.1,sigmoid,3,0.30000000000000004,0.47368421052631576,0.47368421052631576,1.0,0.6428571428571429,0.0
0.1,sigmoid,3,0.4,0.47368421052631576,0.47368421052631576,1.0,0.6428571428571429,0.0
0.1,sigmoid,3,0.5,0.5263157894736842,1.0,0.0,0.0,0.0
0.1,sigmoid,3,0.6,0.5263157894736842,1.0,0.0,0.0,0.0
0.1,sigmoid,3,0.7000000000000001,0.5263157894736842,1.0,0.0,0.0,0.0
0.1,sigmoid,3,0.8,0.5263157894736842,1.0,0.0,0.0,0.0
0.1,sigmoid,3,0.9,0.5263157894736842,1.0,0.0,0.0,0.0
0.1,sigmoid,4,0.1,0.47368421052631576,0.47368421052631576,1.0,0.6428571428571429,0.0
0.1,sigmoid,4,0.2,0.47368421052631576,0.47368421052631576,1.0,0.6428571428571429,0.0
0.1,sigmoid,4,0.30000000000000004,0.47368421052631576,0.47368421052631576,1.0,0.6428571428571429,0.0
0.1,sigmoid,4,0.4,0.47368421052631576,0.47368421052631576,1.0,0.6428571428571429,0.0
0.1,sigmoid,4,0.5,0.5263157894736842,1.0,0.0,0.0,0.0
0.1,sigmoid,4,0.6,0.5263157894736842,1.0,0.0,0.0,0.0
0.1,sigmoid,4,0.7000000000000001,0.5263157894736842,1.0,0.0,0.0,0.0
0.1,sigmoid,4,0.8,0.5263157894736842,1.0,0.0,0.0,0.0
0.1,sigmoid,4,0.9,0.5263157894736842,1.0,0.0,0.0,0.0
0.1,sigmoid,5,0.1,0.5,0.5,1.0,0.6666666666666666,0.0
0.1,sigmoid,5,0.2,0.5,0.5,1.0,0.6666666666666666,0.0
0.1,sigmoid,5,0.30000000000000004,0.5,0.5,1.0,0.6666666666666666,0.0
0.1,sigmoid,5,0.4,0.5,0.5,1.0,0.6666666666666666,0.0
0.1,sigmoid,5,0.5,0.5,0.5,1.0,0.6666666666666666,0.0
0.1,sigmoid,5,0.6,0.5,1.0,0.0,0.0,0.0
0.1,sigmoid,5,0.7000000000000001,0.5,1.0,0.0,0.0,0.0
0.1,sigmoid,5,0.8,0.5,1.0,0.0,0.0,0.0
0.1,sigmoid,5,0.9,0.5,1.0,0.0,0.0,0.0
1.0,linear,1,0.1,0.5263157894736842,0.5263157894736842,1.0,0.6896551724137931,0.0
1.0,linear,1,0.2,0.5263157894736842,0.5263157894736842,1.0,0.6896551724137931,0.0
1.0,linear,1,0.30000000000000004,0.5263157894736842,0.5263157894736842,1.0,0.6896551724137931,0.0
1.0,linear,1,0.4,0.5263157894736842,0.5263157894736842,1.0,0.6896551724137931,0.0
1.0,linear,1,0.5,0.7368421052631579,0.8571428571428571,0.6,0.7058823529411765,0.5060480768510598
1.0,linear,1,0.6,0.5263157894736842,1.0,0.1,0.18181818181818182,0.22360679774997896
1.0,linear,1,0.7000000000000001,0.5263157894736842,1.0,0.1,0.18181818181818182,0.22360679774997896
1.0,linear,1,0.8,0.47368421052631576,1.0,0.0,0.0,0.0
1.0,linear,1,0.9,0.47368421052631576,1.0,0.0,0.0,0.0
1.0,linear,2,0.1,0.5263157894736842,0.5263157894736842,1.0,0.6896551724137931,0.0
1.0,linear,2,0.2,0.5263157894736842,0.5263157894736842,1.0,0.6896551724137931,0.0
1.0,linear,2,0.30000000000000004,0.5263157894736842,0.5263157894736842,1.0,0.6896551724137931,0.0
1.0,linear,2,0.4,0.5789473684210527,0.5555555555555556,1.0,0.7142857142857143,0.24845199749997662
1.0,linear,2,0.5,0.631578947368421,0.7142857142857143,0.5,0.5882352941176471,0.2875273163926476
1.0,linear,2,0.6,0.47368421052631576,0.5,0.2,0.2857142857142857,-0.027216552697590865
1.0,linear,2,0.7000000000000001,0.42105263157894735,0.0,0.0,0.0,-0.24845199749997662
1.0,linear,2,0.8,0.42105263157894735,0.0,0.0,0.0,-0.24845199749997662
1.0,linear,2,0.9,0.47368421052631576,1.0,0.0,0.0,0.0
1.0,linear,3,0.1,0.47368421052631576,0.47368421052631576,1.0,0.6428571428571429,0.0
1.0,linear,3,0.2,0.42105263157894735,0.4444444444444444,0.8888888888888888,0.5925925925925926,-0.24845199749997662
1.0,linear,3,0.30000000000000004,0.47368421052631576,0.47058823529411764,0.8888888888888888,0.6153846153846154,-0.018077538151554683
1.0,linear,3,0.4,0.5263157894736842,0.5,0.8888888888888888,0.64,0.12171612389003691
1.0,linear,3,0.5,0.631578947368421,0.625,0.5555555555555556,0.5882352941176471,0.2584432806109095
1.0,linear,3,0.6,0.5263157894736842,0.5,0.1111111111111111,0.18181818181818182,0.018077538151554683
1.0,linear,3,0.7000000000000001,0.5263157894736842,0.5,0.1111111111111111,0.18181818181818182,0.018077538151554683
1.0,linear,3,0.8,0.5263157894736842,1.0,0.0,0.0,0.0
1.0,linear,3,0.9,0.5263157894736842,1.0,0.0,0.0,0.0
1.0,linear,4,0.1,0.47368421052631576,0.47368421052631576,1.0,0.6428571428571429,0.0
1.0,linear,4,0.2,0.47368421052631576,0.47368421052631576,1.0,0.6428571428571429,0.0
1.0,linear,4,0.30000000000000004,0.47368421052631576,0.47368421052631576,1.0,0.6428571428571429,0.0
1.0,linear,4,0.4,0.5263157894736842,0.5,1.0,0.6666666666666666,0.22360679774997896
1.0,linear,4,0.5,0.47368421052631576,0.4666666666666667,0.7777777777777778,0.5833333333333334,-0.027216552697590865
1.0,linear,4,0.6,0.5263157894736842,1.0,0.0,0.0,0.0
1.0,linear,4,0.7000000000000001,0.5263157894736842,1.0,0.0,0.0,0.0
1.0,linear,4,0.8,0.5263157894736842,1.0,0.0,0.0,0.0
1.0,linear,4,0.9,0.5263157894736842,1.0,0.0,0.0,0.0
1.0,linear,5,0.1,0.5,0.5,1.0,0.6666666666666666,0.0
1.0,linear,5,0.2,0.5,0.5,1.0,0.6666666666666666,0.0
1.0,linear,5,0.30000000000000004,0.5555555555555556,0.5294117647058824,1.0,0.6923076923076923,0.24253562503633297
1.0,linear,5,0.4,0.6111111111111112,0.5714285714285714,0.8888888888888888,0.6956521739130435,0.2672612419124244
1.0,linear,5,0.5,0.7222222222222222,0.8333333333333334,0.5555555555555556,0.6666666666666666,0.4714045207910316
1.0,linear,5,0.6,0.7222222222222222,1.0,0.4444444444444444,0.6153846153846154,0.5345224838248488
1.0,linear,5,0.7000000000000001,0.6666666666666666,1.0,0.3333333333333333,0.5,0.4472135954999579
1.0,linear,5,0.8,0.6111111111111112,1.0,0.2222222222222222,0.36363636363636365,0.3535533905932738
1.0,linear,5,0.9,0.5,1.0,0.0,0.0,0.0
1.0,rbf,1,0.1,0.47368421052631576,0.5,0.9,0.6428571428571429,-0.22360679774997896
1.0,rbf,1,0.2,0.47368421052631576,0.5,0.9,0.6428571428571429,-0.22360679774997896
1.0,rbf,1,0.30000000000000004,0.47368421052631576,0.5,0.9,0.6428571428571429,-0.22360679774997896
1.0,rbf,1,0.4,0.5789473684210527,0.5714285714285714,0.8,0.6666666666666666,0.15118578920369088
1.0,rbf,1,0.5,0.5789473684210527,0.625,0.5,0.5555555555555556,0.1685499656158105
1.0,rbf,1,0.6,0.5263157894736842,0.6,0.3,0.4,0.08819171036881969
1.0,rbf,1,0.7000000000000001,0.5263157894736842,0.6666666666666666,0.2,0.3076923076923077,0.12171612389003691
1.0,rbf,1,0.8,0.5263157894736842,0.6666666666666666,0.2,0.3076923076923077,0.12171612389003691
1.0,rbf,1,0.9,0.47368421052631576,1.0,0.0,0.0,0.0
1.0,rbf,2,0.1,0.5263157894736842,0.5263157894736842,1.0,0.6896551724137931,0.0
1.0,rbf,2,0.2,0.5263157894736842,0.5263157894736842,1.0,0.6896551724137931,0.0
1.0,rbf,2,0.30000000000000004,0.5263157894736842,0.5263157894736842,1.0,0.6896551724137931,0.0
1.0,rbf,2,0.4,0.6842105263157895,0.7,0.7,0.7,0.36666666666666664
1.0,rbf,2,0.5,0.5263157894736842,0.6,0.3,0.4,0.08819171036881969
1.0,rbf,2,0.6,0.42105263157894735,0.3333333333333333,0.1,0.15384615384615385,-0.16735967034880075
1.0,rbf,2,0.7000000000000001,0.42105263157894735,0.3333333333333333,0.1,0.15384615384615385,-0.16735967034880075
1.0,rbf,2,0.8,0.47368421052631576,0.5,0.1,0.16666666666666666,-0.018077538151554683
1.0,rbf,2,0.9,0.5263157894736842,1.0,0.1,0.18181818181818182,0.22360679774997896
1.0,rbf,3,0.1,0.47368421052631576,0.47368421052631576,1.0,0.6428571428571429,0.0
1.0,rbf,3,0.2,0.47368421052631576,0.47368421052631576,1.0,0.6428571428571429,0.0
1.0,rbf,3,0.30000000000000004,0.631578947368421,0.5625,1.0,0.72,0.4107919181288746
1.0,rbf,3,0.4,0.6842105263157895,0.6363636363636364,0.7777777777777778,0.7,0.3820465887291705
1.0,rbf,3,0.5,0.6842105263157895,0.6363636363636364,0.7777777777777778,0.7,0.3820465887291705
1.0,rbf,3,0.6,0.6842105263157895,0.7142857142857143,0.5555555555555556,0.625,0.3680349649825889
1.0,rbf,3,0.7000000000000001,0.6842105263157895,0.8,0.4444444444444444,0.5714285714285714,0.3905632887762015
1.0,rbf,3,0.8,0.5789473684210527,0.6666666666666666,0.2222222222222222,0.3333333333333333,0.16735967034880075
1.0,rbf,3,0.9,0.5263157894736842,1.0,0.0,0.0,0.0
1.0,rbf,4,0.1,0.47368421052631576,0.47368421052631576,1.0,0.6428571428571429,0.0
1.0,rbf,4,0.2,0.47368421052631576,0.47368421052631576,1.0,0.6428571428571429,0.0
1.0,rbf,4,0.30000000000000004,0.47368421052631576,0.47368421052631576,1.0,0.6428571428571429,0.0
1.0,rbf,4,0.4,0.47368421052631576,0.47368421052631576,1.0,0.6428571428571429,0.0
1.0,rbf,4,0.5,0.47368421052631576,0.47368421052631576,1.0,0.6428571428571429,0.0
1.0,rbf,4,0.6,0.5263157894736842,1.0,0.0,0.0,0.0
1.0,rbf,4,0.7000000000000001,0.5263157894736842,1.0,0.0,0.0,0.0
1.0,rbf,4,0.8,0.5263157894736842,1.0,0.0,0.0,0.0
1.0,rbf,4,0.9,0.5263157894736842,1.0,0.0,0.0,0.0
1.0,rbf,5,0.1,0.5,0.5,1.0,0.6666666666666666,0.0
1.0,rbf,5,0.2,0.5,0.5,1.0,0.6666666666666666,0.0
1.0,rbf,5,0.30000000000000004,0.5,0.5,1.0,0.6666666666666666,0.0
1.0,rbf,5,0.4,0.5,0.5,1.0,0.6666666666666666,0.0
1.0,rbf,5,0.5,0.7222222222222222,0.75,0.6666666666666666,0.7058823529411765,0.4472135954999579
1.0,rbf,5,0.6,0.5,1.0,0.0,0.0,0.0
1.0,rbf,5,0.7000000000000001,0.5,1.0,0.0,0.0,0.0
1.0,rbf,5,0.8,0.5,1.0,0.0,0.0,0.0
1.0,rbf,5,0.9,0.5,1.0,0.0,0.0,0.0
1.0,poly,1,0.1,0.5263157894736842,0.5263157894736842,1.0,0.6896551724137931,0.0
1.0,poly,1,0.2,0.5263157894736842,0.5263157894736842,1.0,0.6896551724137931,0.0
1.0,poly,1,0.30000000000000004,0.5263157894736842,0.5263157894736842,1.0,0.6896551724137931,0.0
1.0,poly,1,0.4,0.5263157894736842,0.5263157894736842,1.0,0.6896551724137931,0.0
1.0,poly,1,0.5,0.47368421052631576,0.5,0.9,0.6428571428571429,-0.22360679774997896
1.0,poly,1,0.6,0.47368421052631576,1.0,0.0,0.0,0.0
1.0,poly,1,0.7000000000000001,0.47368421052631576,1.0,0.0,0.0,0.0
1.0,poly,1,0.8,0.47368421052631576,1.0,0.0,0.0,0.0
1.0,poly,1,0.9,0.47368421052631576,1.0,0.0,0.0,0.0
1.0,poly,2,0.1,0.5263157894736842,0.5263157894736842,1.0,0.6896551724137931,0.0
1.0,poly,2,0.2,0.5263157894736842,0.5263157894736842,1.0,0.6896551724137931,0.0
1.0,poly,2,0.30000000000000004,0.5263157894736842,0.5263157894736842,1.0,0.6896551724137931,0.0
1.0,poly,2,0.4,0.5263157894736842,0.5263157894736842,1.0,0.6896551724137931,0.0
1.0,poly,2,0.5,0.42105263157894735,0.3333333333333333,0.1,0.15384615384615385,-0.16735967034880075
1.0,poly,2,0.6,0.42105263157894735,0.0,0.0,0.0,-0.24845199749997662
1.0,poly,2,0.7000000000000001,0.47368421052631576,1.0,0.0,0.0,0.0
1.0,poly,2,0.8,0.47368421052631576,1.0,0.0,0.0,0.0
1.0,poly,2,0.9,0.47368421052631576,1.0,0.0,0.0,0.0
1.0,poly,3,0.1,0.47368421052631576,0.47368421052631576,1.0,0.6428571428571429,0.0
1.0,poly,3,0.2,0.47368421052631576,0.47368421052631576,1.0,0.6428571428571429,0.0
1.0,poly,3,0.30000000000000004,0.47368421052631576,0.47368421052631576,1.0,0.6428571428571429,0.0
1.0,poly,3,0.4,0.47368421052631576,0.47368421052631576,1.0,0.6428571428571429,0.0
1.0,poly,3,0.5,0.42105263157894735,0.25,0.1111111111111111,0.15384615384615385,-0.23134069792952236
1.0,poly,3,0.6,0.5263157894736842,0.5,0.1111111111111111,0.18181818181818182,0.018077538151554683
1.0,poly,3,0.7000000000000001,0.5263157894736842,0.5,0.1111111111111111,0.18181818181818182,0.018077538151554683
1.0,poly,3,0.8,0.5789473684210527,1.0,0.1111111111111111,0.2,0.24845199749997662
1.0,poly,3,0.9,0.5789473684210527,1.0,0.1111111111111111,0.2,0.24845199749997662
1.0,poly,4,0.1,0.47368421052631576,0.47368421052631576,1.0,0.6428571428571429,0.0
1.0,poly,4,0.2,0.47368421052631576,0.47368421052631576,1.0,0.6428571428571429,0.0
1.0,poly,4,0.30000000000000004,0.47368421052631576,0.47368421052631576,1.0,0.6428571428571429,0.0
1.0,poly,4,0.4,0.47368421052631576,0.47368421052631576,1.0,0.6428571428571429,0.0
1.0,poly,4,0.5,0.42105263157894735,0.4444444444444444,0.8888888888888888,0.5925925925925926,-0.24845199749997662
1.0,poly,4,0.6,0.5263157894736842,1.0,0.0,0.0,0.0
1.0,poly,4,0.7000000000000001,0.5263157894736842,1.0,0.0,0.0,0.0
1.0,poly,4,0.8,0.5263157894736842,1.0,0.0,0.0,0.0
1.0,poly,4,0.9,0.5263157894736842,1.0,0.0,0.0,0.0
1.0,poly,5,0.1,0.5,0.5,1.0,0.6666666666666666,0.0
1.0,poly,5,0.2,0.5,0.5,1.0,0.6666666666666666,0.0
1.0,poly,5,0.30000000000000004,0.5,0.5,1.0,0.6666666666666666,0.0
1.0,poly,5,0.4,0.5,0.5,1.0,0.6666666666666666,0.0
1.0,poly,5,0.5,0.5,0.5,1.0,0.6666666666666666,0.0
1.0,poly,5,0.6,0.5,1.0,0.0,0.0,0.0
1.0,poly,5,0.7000000000000001,0.5,1.0,0.0,0.0,0.0
1.0,poly,5,0.8,0.5,1.0,0.0,0.0,0.0
1.0,poly,5,0.9,0.5,1.0,0.0,0.0,0.0
1.0,sigmoid,1,0.1,0.5263157894736842,0.5263157894736842,1.0,0.6896551724137931,0.0
1.0,sigmoid,1,0.2,0.5263157894736842,0.5263157894736842,1.0,0.6896551724137931,0.0
1.0,sigmoid,1,0.30000000000000004,0.5263157894736842,0.5263157894736842,1.0,0.6896551724137931,0.0
1.0,sigmoid,1,0.4,0.47368421052631576,0.5,0.9,0.6428571428571429,-0.22360679774997896
1.0,sigmoid,1,0.5,0.5789473684210527,0.6,0.6,0.6,0.15555555555555556
1.0,sigmoid,1,0.6,0.47368421052631576,0.5,0.1,0.16666666666666666,-0.018077538151554683
1.0,sigmoid,1,0.7000000000000001,0.47368421052631576,1.0,0.0,0.0,0.0
1.0,sigmoid,1,0.8,0.47368421052631576,1.0,0.0,0.0,0.0
1.0,sigmoid,1,0.9,0.47368421052631576,1.0,0.0,0.0,0.0
1.0,sigmoid,2,0.1,0.5263157894736842,0.5263157894736842,1.0,0.6896551724137931,0.0
1.0,sigmoid,2,0.2,0.5263157894736842,0.5263157894736842,1.0,0.6896551724137931,0.0
1.0,sigmoid,2,0.30000000000000004,0.5263157894736842,0.5263157894736842,1.0,0.6896551724137931,0.0
1.0,sigmoid,2,0.4,0.5263157894736842,0.5263157894736842,1.0,0.6896551724137931,0.0
1.0,sigmoid,2,0.5,0.47368421052631576,0.5,0.2,0.2857142857142857,-0.027216552697590865
1.0,sigmoid,2,0.6,0.5263157894736842,1.0,0.1,0.18181818181818182,0.22360679774997896
1.0,sigmoid,2,0.7000000000000001,0.47368421052631576,1.0,0.0,0.0,0.0
1.0,sigmoid,2,0.8,0.47368421052631576,1.0,0.0,0.0,0.0
1.0,sigmoid,2,0.9,0.47368421052631576,1.0,0.0,0.0,0.0
1.0,sigmoid,3,0.1,0.47368421052631576,0.47368421052631576,1.0,0.6428571428571429,0.0
1.0,sigmoid,3,0.2,0.47368421052631576,0.47368421052631576,1.0,0.6428571428571429,0.0
1.0,sigmoid,3,0.30000000000000004,0.47368421052631576,0.47368421052631576,1.0,0.6428571428571429,0.0
1.0,sigmoid,3,0.4,0.631578947368421,0.5714285714285714,0.8888888888888888,0.6956521739130435,0.32756920994133026
1.0,sigmoid,3,0.5,0.7894736842105263,0.7777777777777778,0.7777777777777778,0.7777777777777778,0.5777777777777777
1.0,sigmoid,3,0.6,0.6842105263157895,0.8,0.4444444444444444,0.5714285714285714,0.3905632887762015
1.0,sigmoid,3,0.7000000000000001,0.47368421052631576,0.0,0.0,0.0,-0.22360679774997896
1.0,sigmoid,3,0.8,0.47368421052631576,0.0,0.0,0.0,-0.22360679774997896
1.0,sigmoid,3,0.9,0.47368421052631576,0.0,0.0,0.0,-0.22360679774997896
1.0,sigmoid,4,0.1,0.47368421052631576,0.47368421052631576,1.0,0.6428571428571429,0.0
1.0,sigmoid,4,0.2,0.47368421052631576,0.47368421052631576,1.0,0.6428571428571429,0.0
1.0,sigmoid,4,0.30000000000000004,0.47368421052631576,0.47368421052631576,1.0,0.6428571428571429,0.0
1.0,sigmoid,4,0.4,0.47368421052631576,0.47368421052631576,1.0,0.6428571428571429,0.0
1.0,sigmoid,4,0.5,0.3157894736842105,0.375,0.6666666666666666,0.48,-0.45643546458763845
1.0,sigmoid,4,0.6,0.5263157894736842,1.0,0.0,0.0,0.0
1.0,sigmoid,4,0.7000000000000001,0.5263157894736842,1.0,0.0,0.0,0.0
1.0,sigmoid,4,0.8,0.5263157894736842,1.0,0.0,0.0,0.0
1.0,sigmoid,4,0.9,0.5263157894736842,1.0,0.0,0.0,0.0
1.0,sigmoid,5,0.1,0.5,0.5,1.0,0.6666666666666666,0.0
1.0,sigmoid,5,0.2,0.5,0.5,1.0,0.6666666666666666,0.0
1.0,sigmoid,5,0.30000000000000004,0.5,0.5,1.0,0.6666666666666666,0.0
1.0,sigmoid,5,0.4,0.5,0.5,1.0,0.6666666666666666,0.0
1.0,sigmoid,5,0.5,0.5,0.5,1.0,0.6666666666666666,0.0
1.0,sigmoid,5,0.6,0.5,1.0,0.0,0.0,0.0
1.0,sigmoid,5,0.7000000000000001,0.5,1.0,0.0,0.0,0.0
1.0,sigmoid,5,0.8,0.5,1.0,0.0,0.0,0.0
1.0,sigmoid,5,0.9,0.5,1.0,0.0,0.0,0.0
10.0,linear,1,0.1,0.5263157894736842,0.5263157894736842,1.0,0.6896551724137931,0.0
10.0,linear,1,0.2,0.5263157894736842,0.5263157894736842,1.0,0.6896551724137931,0.0
10.0,linear,1,0.30000000000000004,0.5263157894736842,0.5263157894736842,1.0,0.6896551724137931,0.0
10.0,linear,1,0.4,0.5263157894736842,0.5263157894736842,1.0,0.6896551724137931,0.0
10.0,linear,1,0.5,0.7368421052631579,0.8571428571428571,0.6,0.7058823529411765,0.5060480768510598
10.0,linear,1,0.6,0.5263157894736842,1.0,0.1,0.18181818181818182,0.22360679774997896
10.0,linear,1,0.7000000000000001,0.5263157894736842,1.0,0.1,0.18181818181818182,0.22360679774997896
10.0,linear,1,0.8,0.47368421052631576,1.0,0.0,0.0,0.0
10.0,linear,1,0.9,0.47368421052631576,1.0,0.0,0.0,0.0
10.0,linear,2,0.1,0.5263157894736842,0.5263157894736842,1.0,0.6896551724137931,0.0
10.0,linear,2,0.2,0.5263157894736842,0.5263157894736842,1.0,0.6896551724137931,0.0
10.0,linear,2,0.30000000000000004,0.5263157894736842,0.5263157894736842,1.0,0.6896551724137931,0.0
10.0,linear,2,0.4,0.5789473684210527,0.5555555555555556,1.0,0.7142857142857143,0.24845199749997662
10.0,linear,2,0.5,0.631578947368421,0.7142857142857143,0.5,0.5882352941176471,0.2875273163926476
10.0,linear,2,0.6,0.47368421052631576,0.5,0.2,0.2857142857142857,-0.027216552697590865
10.0,linear,2,0.7000000000000001,0.42105263157894735,0.0,0.0,0.0,-0.24845199749997662
10.0,linear,2,0.8,0.42105263157894735,0.0,0.0,0.0,-0.24845199749997662
10.0,linear,2,0.9,0.47368421052631576,1.0,0.0,0.0,0.0
10.0,linear,3,0.1,0.47368421052631576,0.47368421052631576,1.0,0.6428571428571429,0.0
10.0,linear,3,0.2,0.42105263157894735,0.4444444444444444,0.8888888888888888,0.5925925925925926,-0.24845199749997662
10.0,linear,3,0.30000000000000004,0.47368421052631576,0.47058823529411764,0.8888888888888888,0.6153846153846154,-0.018077538151554683
10.0,linear,3,0.4,0.5263157894736842,0.5,0.8888888888888888,0.64,0.12171612389003691
10.0,linear,3,0.5,0.631578947368421,0.625,0.5555555555555556,0.5882352941176471,0.2584432806109095
10.0,linear,3,0.6,0.5263157894736842,0.5,0.1111111111111111,0.18181818181818182,0.018077538151554683
10.0,linear,3,0.7000000000000001,0.5263157894736842,0.5,0.1111111111111111,0.18181818181818182,0.018077538151554683
10.0,linear,3,0.8,0.5263157894736842,1.0,0.0,0.0,0.0
10.0,linear,3,0.9,0.5263157894736842,1.0,0.0,0.0,0.0
10.0,linear,4,0.1,0.47368421052631576,0.47368421052631576,1.0,0.6428571428571429,0.0
10.0,linear,4,0.2,0.47368421052631576,0.47368421052631576,1.0,0.6428571428571429,0.0
10.0,linear,4,0.30000000000000004,0.47368421052631576,0.47368421052631576,1.0,0.6428571428571429,0.0
10.0,linear,4,0.4,0.5263157894736842,0.5,1.0,0.6666666666666666,0.22360679774997896
10.0,linear,4,0.5,0.47368421052631576,0.4666666666666667,0.7777777777777778,0.5833333333333334,-0.027216552697590865
10.0,linear,4,0.6,0.5263157894736842,1.0,0.0,0.0,0.0
10.0,linear,4,0.7000000000000001,0.5263157894736842,1.0,0.0,0.0,0.0
10.0,linear,4,0.8,0.5263157894736842,1.0,0.0,0.0,0.0
10.0,linear,4,0.9,0.5263157894736842,1.0,0.0,0.0,0.0
10.0,linear,5,0.1,0.5,0.5,1.0,0.6666666666666666,0.0
10.0,linear,5,0.2,0.5,0.5,1.0,0.6666666666666666,0.0
10.0,linear,5,0.30000000000000004,0.5555555555555556,0.5294117647058824,1.0,0.6923076923076923,0.24253562503633297
10.0,linear,5,0.4,0.6111111111111112,0.5714285714285714,0.8888888888888888,0.6956521739130435,0.2672612419124244
10.0,linear,5,0.5,0.7222222222222222,0.8333333333333334,0.5555555555555556,0.6666666666666666,0.4714045207910316
10.0,linear,5,0.6,0.7222222222222222,1.0,0.4444444444444444,0.6153846153846154,0.5345224838248488
10.0,linear,5,0.7000000000000001,0.6666666666666666,1.0,0.3333333333333333,0.5,0.4472135954999579
10.0,linear,5,0.8,0.6111111111111112,1.0,0.2222222222222222,0.36363636363636365,0.3535533905932738
10.0,linear,5,0.9,0.5,1.0,0.0,0.0,0.0
10.0,rbf,1,0.1,0.5263157894736842,0.5294117647058824,0.9,0.6666666666666666,0.018077538151554683
10.0,rbf,1,0.2,0.5263157894736842,0.5333333333333333,0.8,0.64,0.027216552697590865
10.0,rbf,1,0.30000000000000004,0.47368421052631576,0.5,0.6,0.5454545454545454,-0.06900655593423542
10.0,rbf,1,0.4,0.5789473684210527,0.6,0.6,0.6,0.15555555555555556
10.0,rbf,1,0.5,0.631578947368421,0.7142857142857143,0.5,0.5882352941176471,0.2875273163926476
10.0,rbf,1,0.6,0.631578947368421,0.7142857142857143,0.5,0.5882352941176471,0.2875273163926476
10.0,rbf,1,0.7000000000000001,0.5789473684210527,0.6666666666666666,0.4,0.5,0.19096396641051544
10.0,rbf,1,0.8,0.5263157894736842,0.6666666666666666,0.2,0.3076923076923077,0.12171612389003691
10.0,rbf,1,0.9,0.5263157894736842,0.6666666666666666,0.2,0.3076923076923077,0.12171612389003691
10.0,rbf,2,0.1,0.5263157894736842,0.5263157894736842,1.0,0.6896551724137931,0.0
10.0,rbf,2,0.2,0.5263157894736842,0.5263157894736842,1.0,0.6896551724137931,0.0
10.0,rbf,2,0.30000000000000004,0.5789473684210527,0.5625,0.9,0.6923076923076923,0.16735967034880075
10.0,rbf,2,0.4,0.7894736842105263,0.8,0.8,0.8,0.5777777777777777
10.0,rbf,2,0.5,0.631578947368421,0.7142857142857143,0.5,0.5882352941176471,0.2875273163926476
10.0,rbf,2,0.6,0.5263157894736842,0.6,0.3,0.4,0.08819171036881969
10.0,rbf,2,0.7000000000000001,0.5263157894736842,0.6666666666666666,0.2,0.3076923076923077,0.12171612389003691
10.0,rbf,2,0.8,0.47368421052631576,0.5,0.1,0.16666666666666666,-0.018077538151554683
10.0,rbf,2,0.9,0.5263157894736842,1.0,0.1,0.18181818181818182,0.22360679774997896
10.0,rbf,3,0.1,0.5263157894736842,0.5,1.0,0.6666666666666666,0.22360679774997896
10.0,rbf,3,0.2,0.6842105263157895,0.6153846153846154,0.8888888888888888,0.7272727272727273,0.41773367652300253
10.0,rbf,3,0.30000000000000004,0.7368421052631579,0.6666666666666666,0.8888888888888888,0.7619047619047619,0.5060480768510598
10.0,rbf,3,0.4,0.7368421052631579,0.7,0.7777777777777778,0.7368421052631579,0.4777777777777778
10.0,rbf,3,0.5,0.8421052631578947,0.875,0.7777777777777778,0.8235294117647058,0.6854365268376295
10.0,rbf,3,0.6,0.7894736842105263,0.8571428571428571,0.6666666666666666,0.75,0.5865557254410011
10.0,rbf,3,0.7000000000000001,0.7368421052631579,0.8333333333333334,0.5555555555555556,0.6666666666666666,0.4893451639269458
10.0,rbf,3,0.8,0.6842105263157895,1.0,0.3333333333333333,0.5,0.45643546458763845
10.0,rbf,3,0.9,0.631578947368421,1.0,0.2222222222222222,0.36363636363636365,0.3615507630310936
10.0,rbf,4,0.1,0.47368421052631576,0.47368421052631576,1.0,0.6428571428571429,0.0
10.0,rbf,4,0.2,0.47368421052631576,0.47368421052631576,1.0,0.6428571428571429,0.0
10.0,rbf,4,0.30000000000000004,0.5789473684210527,0.5294117647058824,1.0,0.6923076923076923,0.32539568672798425
10.0,rbf,4,0.4,0.6842105263157895,0.6,1.0,0.75,0.4898979485566356
10.0,rbf,4,0.5,0.7894736842105263,0.7777777777777778,0.7777777777777778,0.7777777777777778,0.5777777777777777
10.0,rbf,4,0.6,0.7894736842105263,0.8571428571428571,0.6666666666666666,0.75,0.5865557254410011
10.0,rbf,4,0.7000000000000001,0.631578947368421,1.0,0.2222222222222222,0.36363636363636365,0.3615507630310936
10.0,rbf,4,0.8,0.5263157894736842,1.0,0.0,0.0,0.0
10.0,rbf,4,0.9,0.5263157894736842,1.0,0.0,0.0,0.0
10.0,rbf,5,0.1,0.5,0.5,1.0,0.6666666666666666,0.0
10.0,rbf,5,0.2,0.4444444444444444,0.47058823529411764,0.8888888888888888,0.6153846153846154,-0.24253562503633297
10.0,rbf,5,0.30000000000000004,0.6111111111111112,0.5714285714285714,0.8888888888888888,0.6956521739130435,0.2672612419124244
10.0,rbf,5,0.4,0.8333333333333334,0.875,0.7777777777777778,0.8235294117647058,0.6708203932499369
10.0,rbf,5,0.5,0.8333333333333334,1.0,0.6666666666666666,0.8,0.7071067811865475
10.0,rbf,5,0.6,0.8333333333333334,1.0,0.6666666666666666,0.8,0.7071067811865475
10.0,rbf,5,0.7000000000000001,0.7777777777777778,1.0,0.5555555555555556,0.7142857142857143,0.6201736729460423
10.0,rbf,5,0.8,0.5555555555555556,1.0,0.1111111111111111,0.2,0.24253562503633297
10.0,rbf,5,0.9,0.5,1.0,0.0,0.0,0.0
10.0,poly,1,0.1,0.5263157894736842,0.5263157894736842,1.0,0.6896551724137931,0.0
10.0,poly,1,0.2,0.5263157894736842,0.5263157894736842,1.0,0.6896551724137931,0.0
10.0,poly,1,0.30000000000000004,0.5263157894736842,0.5263157894736842,1.0,0.6896551724137931,0.0
10.0,poly,1,0.4,0.5263157894736842,0.5263157894736842,1.0,0.6896551724137931,0.0
10.0,poly,1,0.5,0.47368421052631576,1.0,0.0,0.0,0.0
10.0,poly,1,0.6,0.47368421052631576,1.0,0.0,0.0,0.0
10.0,poly,1,0.7000000000000001,0.47368421052631576,1.0,0.0,0.0,0.0
10.0,poly,1,0.8,0.47368421052631576,1.0,0.0,0.0,0.0
10.0,poly,1,0.9,0.47368421052631576,1.0,0.0,0.0,0.0
10.0,poly,2,0.1,0.5263157894736842,0.5263157894736842,1.0,0.6896551724137931,0.0
10.0,poly,2,0.2,0.5263157894736842,0.5263157894736842,1.0,0.6896551724137931,0.0
10.0,poly,2,0.30000000000000004,0.5263157894736842,0.5263157894736842,1.0,0.6896551724137931,0.0
10.0,poly,2,0.4,0.5263157894736842,0.5263157894736842,1.0,0.6896551724137931,0.0
10.0,poly,2,0.5,0.42105263157894735,0.0,0.0,0.0,-0.24845199749997662
10.0,poly,2,0.6,0.47368421052631576,1.0,0.0,0.0,0.0
10.0,poly,2,0.7000000000000001,0.47368421052631576,1.0,0.0,0.0,0.0
10.0,poly,2,0.8,0.47368421052631576,1.0,0.0,0.0,0.0
10.0,poly,2,0.9,0.47368421052631576,1.0,0.0,0.0,0.0
10.0,poly,3,0.1,0.47368421052631576,0.47368421052631576,1.0,0.6428571428571429,0.0
10.0,poly,3,0.2,0.47368421052631576,0.47368421052631576,1.0,0.6428571428571429,0.0
10.0,poly,3,0.30000000000000004,0.47368421052631576,0.47368421052631576,1.0,0.6428571428571429,0.0
10.0,poly,3,0.4,0.47368421052631576,0.47368421052631576,1.0,0.6428571428571429,0.0
10.0,poly,3,0.5,0.5263157894736842,0.5,0.3333333333333333,0.4,0.03580574370197164
10.0,poly,3,0.6,0.5263157894736842,0.5,0.1111111111111111,0.18181818181818182,0.018077538151554683
10.0,poly,3,0.7000000000000001,0.5263157894736842,0.5,0.1111111111111111,0.18181818181818182,0.018077538151554683
10.0,poly,3,0.8,0.5263157894736842,0.5,0.1111111111111111,0.18181818181818182,0.018077538151554683
10.0,poly,3,0.9,0.5263157894736842,0.5,0.1111111111111111,0.18181818181818182,0.018077538151554683
10.0,poly,4,0.1,0.47368421052631576,0.47368421052631576,1.0,0.6428571428571429,0.0
10.0,poly,4,0.2,0.47368421052631576,0.47368421052631576,1.0,0.6428571428571429,0.0
10.0,poly,4,0.30000000000000004,0.47368421052631576,0.47368421052631576,1.0,0.6428571428571429,0.0
10.0,poly,4,0.4,0.47368421052631576,0.47368421052631576,1.0,0.6428571428571429,0.0
10.0,poly,4,0.5,0.47368421052631576,0.47368421052631576,1.0,0.6428571428571429,0.0
10.0,poly,4,0.6,0.5263157894736842,1.0,0.0,0.0,0.0
10.0,poly,4,0.7000000000000001,0.5263157894736842,1.0,0.0,0.0,0.0
10.0,poly,4,0.8,0.5263157894736842,1.0,0.0,0.0,0.0
10.0,poly,4,0.9,0.5263157894736842,1.0,0.0,0.0,0.0
10.0,poly,5,0.1,0.5,0.5,1.0,0.6666666666666666,0.0
10.0,poly,5,0.2,0.5,0.5,1.0,0.6666666666666666,0.0
10.0,poly,5,0.30000000000000004,0.5,0.5,1.0,0.6666666666666666,0.0
10.0,poly,5,0.4,0.5,0.5,1.0,0.6666666666666666,0.0
10.0,poly,5,0.5,0.5,1.0,0.0,0.0,0.0
10.0,poly,5,0.6,0.5,1.0,0.0,0.0,0.0
10.0,poly,5,0.7000000000000001,0.5,1.0,0.0,0.0,0.0
10.0,poly,5,0.8,0.5,1.0,0.0,0.0,0.0
10.0,poly,5,0.9,0.5,1.0,0.0,0.0,0.0
10.0,sigmoid,1,0.1,0.47368421052631576,0.5,0.9,0.6428571428571429,-0.22360679774997896
10.0,sigmoid,1,0.2,0.47368421052631576,0.5,0.9,0.6428571428571429,-0.22360679774997896
10.0,sigmoid,1,0.30000000000000004,0.47368421052631576,0.5,0.9,0.6428571428571429,-0.22360679774997896
10.0,sigmoid,1,0.4,0.42105263157894735,0.4666666666666667,0.7,0.56,-0.23134069792952236
10.0,sigmoid,1,0.5,0.47368421052631576,0.5,0.7,0.5833333333333334,-0.08819171036881969
10.0,sigmoid,1,0.6,0.5263157894736842,0.5555555555555556,0.5,0.5263157894736842,0.05555555555555555
10.0,sigmoid,1,0.7000000000000001,0.42105263157894735,0.4,0.2,0.26666666666666666,-0.15118578920369088
10.0,sigmoid,1,0.8,0.47368421052631576,0.5,0.1,0.16666666666666666,-0.018077538151554683
10.0,sigmoid,1,0.9,0.47368421052631576,1.0,0.0,0.0,0.0
10.0,sigmoid,2,0.1,0.5263157894736842,0.5263157894736842,1.0,0.6896551724137931,0.0
10.0,sigmoid,2,0.2,0.5263157894736842,0.5263157894736842,1.0,0.6896551724137931,0.0
10.0,sigmoid,2,0.30000000000000004,0.5263157894736842,0.5263157894736842,1.0,0.6896551724137931,0.0
10.0,sigmoid,2,0.4,0.5263157894736842,0.5263157894736842,1.0,0.6896551724137931,0.0
10.0,sigmoid,2,0.5,0.47368421052631576,0.5,0.6,0.5454545454545454,-0.06900655593423542
10.0,sigmoid,2,0.6,0.47368421052631576,1.0,0.0,0.0,0.0
10.0,sigmoid,2,0.7000000000000001,0.47368421052631576,1.0,0.0,0.0,0.0
10.0,sigmoid,2,0.8,0.47368421052631576,1.0,0.0,0.0,0.0
10.0,sigmoid,2,0.9,0.47368421052631576,1.0,0.0,0.0,0.0
10.0,sigmoid,3,0.1,0.42105263157894735,0.4444444444444444,0.8888888888888888,0.5925925925925926,-0.24845199749997662
10.0,sigmoid,3,0.2,0.42105263157894735,0.4444444444444444,0.8888888888888888,0.5925925925925926,-0.24845199749997662
10.0,sigmoid,3,0.30000000000000004,0.42105263157894735,0.4444444444444444,0.8888888888888888,0.5925925925925926,-0.24845199749997662
10.0,sigmoid,3,0.4,0.42105263157894735,0.4444444444444444,0.8888888888888888,0.5925925925925926,-0.24845199749997662
10.0,sigmoid,3,0.5,0.6842105263157895,0.6363636363636364,0.7777777777777778,0.7,0.3820465887291705
10.0,sigmoid,3,0.6,0.6842105263157895,1.0,0.3333333333333333,0.5,0.45643546458763845
10.0,sigmoid,3,0.7000000000000001,0.5263157894736842,1.0,0.0,0.0,0.0
10.0,sigmoid,3,0.8,0.5263157894736842,1.0,0.0,0.0,0.0
10.0,sigmoid,3,0.9,0.5263157894736842,1.0,0.0,0.0,0.0
10.0,sigmoid,4,0.1,0.47368421052631576,0.47368421052631576,1.0,0.6428571428571429,0.0
10.0,sigmoid,4,0.2,0.47368421052631576,0.47368421052631576,1.0,0.6428571428571429,0.0
10.0,sigmoid,4,0.30000000000000004,0.42105263157894735,0.4444444444444444,0.8888888888888888,0.5925925925925926,-0.24845199749997662
10.0,sigmoid,4,0.4,0.5263157894736842,0.5,0.8888888888888888,0.64,0.12171612389003691
10.0,sigmoid,4,0.5,0.47368421052631576,0.46153846153846156,0.6666666666666666,0.5454545454545454,-0.03580574370197164
10.0,sigmoid,4,0.6,0.631578947368421,1.0,0.2222222222222222,0.36363636363636365,0.3615507630310936
10.0,sigmoid,4,0.7000000000000001,0.5263157894736842,1.0,0.0,0.0,0.0
10.0,sigmoid,4,0.8,0.5263157894736842,1.0,0.0,0.0,0.0
10.0,sigmoid,4,0.9,0.5263157894736842,1.0,0.0,0.0,0.0
10.0,sigmoid,5,0.1,0.5,0.5,1.0,0.6666666666666666,0.0
10.0,sigmoid,5,0.2,0.5,0.5,1.0,0.6666666666666666,0.0
10.0,sigmoid,5,0.30000000000000004,0.4444444444444444,0.47058823529411764,0.8888888888888888,0.6153846153846154,-0.24253562503633297
10.0,sigmoid,5,0.4,0.5,0.5,0.7777777777777778,0.6086956521739131,0.0
10.0,sigmoid,5,0.5,0.5555555555555556,0.5454545454545454,0.6666666666666666,0.6,0.11396057645963795
10.0,sigmoid,5,0.6,0.6111111111111112,0.75,0.3333333333333333,0.46153846153846156,0.2672612419124244
10.0,sigmoid,5,0.7000000000000001,0.5,1.0,0.0,0.0,0.0
10.0,sigmoid,5,0.8,0.5,1.0,0.0,0.0,0.0
10.0,sigmoid,5,0.9,0.5,1.0,0.0,0.0,0.0
100.0,linear,1,0.1,0.5263157894736842,0.5263157894736842,1.0,0.6896551724137931,0.0
100.0,linear,1,0.2,0.5263157894736842,0.5263157894736842,1.0,0.6896551724137931,0.0
100.0,linear,1,0.30000000000000004,0.5263157894736842,0.5263157894736842,1.0,0.6896551724137931,0.0
100.0,linear,1,0.4,0.5263157894736842,0.5263157894736842,1.0,0.6896551724137931,0.0
100.0,linear,1,0.5,0.7368421052631579,0.8571428571428571,0.6,0.7058823529411765,0.5060480768510598
100.0,linear,1,0.6,0.5263157894736842,1.0,0.1,0.18181818181818182,0.22360679774997896
100.0,linear,1,0.7000000000000001,0.5263157894736842,1.0,0.1,0.18181818181818182,0.22360679774997896
100.0,linear,1,0.8,0.47368421052631576,1.0,0.0,0.0,0.0
100.0,linear,1,0.9,0.47368421052631576,1.0,0.0,0.0,0.0
100.0,linear,2,0.1,0.5263157894736842,0.5263157894736842,1.0,0.6896551724137931,0.0
100.0,linear,2,0.2,0.5263157894736842,0.5263157894736842,1.0,0.6896551724137931,0.0
100.0,linear,2,0.30000000000000004,0.5263157894736842,0.5263157894736842,1.0,0.6896551724137931,0.0
100.0,linear,2,0.4,0.5789473684210527,0.5555555555555556,1.0,0.7142857142857143,0.24845199749997662
100.0,linear,2,0.5,0.631578947368421,0.7142857142857143,0.5,0.5882352941176471,0.2875273163926476
100.0,linear,2,0.6,0.47368421052631576,0.5,0.2,0.2857142857142857,-0.027216552697590865
100.0,linear,2,0.7000000000000001,0.42105263157894735,0.0,0.0,0.0,-0.24845199749997662
100.0,linear,2,0.8,0.42105263157894735,0.0,0.0,0.0,-0.24845199749997662
100.0,linear,2,0.9,0.47368421052631576,1.0,0.0,0.0,0.0
100.0,linear,3,0.1,0.47368421052631576,0.47368421052631576,1.0,0.6428571428571429,0.0
100.0,linear,3,0.2,0.42105263157894735,0.4444444444444444,0.8888888888888888,0.5925925925925926,-0.24845199749997662
100.0,linear,3,0.30000000000000004,0.47368421052631576,0.47058823529411764,0.8888888888888888,0.6153846153846154,-0.018077538151554683
100.0,linear,3,0.4,0.5263157894736842,0.5,0.8888888888888888,0.64,0.12171612389003691
100.0,linear,3,0.5,0.631578947368421,0.625,0.5555555555555556,0.5882352941176471,0.2584432806109095
100.0,linear,3,0.6,0.5263157894736842,0.5,0.1111111111111111,0.18181818181818182,0.018077538151554683
100.0,linear,3,0.7000000000000001,0.5263157894736842,0.5,0.1111111111111111,0.18181818181818182,0.018077538151554683
100.0,linear,3,0.8,0.5263157894736842,1.0,0.0,0.0,0.0
100.0,linear,3,0.9,0.5263157894736842,1.0,0.0,0.0,0.0
100.0,linear,4,0.1,0.47368421052631576,0.47368421052631576,1.0,0.6428571428571429,0.0
100.0,linear,4,0.2,0.47368421052631576,0.47368421052631576,1.0,0.6428571428571429,0.0
100.0,linear,4,0.30000000000000004,0.47368421052631576,0.47368421052631576,1.0,0.6428571428571429,0.0
100.0,linear,4,0.4,0.5263157894736842,0.5,1.0,0.6666666666666666,0.22360679774997896
100.0,linear,4,0.5,0.47368421052631576,0.4666666666666667,0.7777777777777778,0.5833333333333334,-0.027216552697590865
100.0,linear,4,0.6,0.5263157894736842,1.0,0.0,0.0,0.0
100.0,linear,4,0.7000000000000001,0.5263157894736842,1.0,0.0,0.0,0.0
100.0,linear,4,0.8,0.5263157894736842,1.0,0.0,0.0,0.0
100.0,linear,4,0.9,0.5263157894736842,1.0,0.0,0.0,0.0
100.0,linear,5,0.1,0.5,0.5,1.0,0.6666666666666666,0.0
100.0,linear,5,0.2,0.5,0.5,1.0,0.6666666666666666,0.0
100.0,linear,5,0.30000000000000004,0.5555555555555556,0.5294117647058824,1.0,0.6923076923076923,0.24253562503633297
100.0,linear,5,0.4,0.6111111111111112,0.5714285714285714,0.8888888888888888,0.6956521739130435,0.2672612419124244
100.0,linear,5,0.5,0.7222222222222222,0.8333333333333334,0.5555555555555556,0.6666666666666666,0.4714045207910316
100.0,linear,5,0.6,0.7222222222222222,1.0,0.4444444444444444,0.6153846153846154,0.5345224838248488
100.0,linear,5,0.7000000000000001,0.6666666666666666,1.0,0.3333333333333333,0.5,0.4472135954999579
100.0,linear,5,0.8,0.6111111111111112,1.0,0.2222222222222222,0.36363636363636365,0.3535533905932738
100.0,linear,5,0.9,0.5,1.0,0.0,0.0,0.0
100.0,rbf,1,0.1,0.3684210526315789,0.4375,0.7,0.5384615384615384,-0.4107919181288746
100.0,rbf,1,0.2,0.47368421052631576,0.5,0.6,0.5454545454545454,-0.06900655593423542
100.0,rbf,1,0.30000000000000004,0.5263157894736842,0.5454545454545454,0.6,0.5714285714285714,0.044946657497549475
100.0,rbf,1,0.4,0.5263157894736842,0.5555555555555556,0.5,0.5263157894736842,0.05555555555555555
100.0,rbf,1,0.5,0.631578947368421,0.7142857142857143,0.5,0.5882352941176471,0.2875273163926476
100.0,rbf,1,0.6,0.5263157894736842,0.6666666666666666,0.2,0.3076923076923077,0.12171612389003691
100.0,rbf,1,0.7000000000000001,0.5263157894736842,0.6666666666666666,0.2,0.3076923076923077,0.12171612389003691
100.0,rbf,1,0.8,0.5263157894736842,0.6666666666666666,0.2,0.3076923076923077,0.12171612389003691
100.0,rbf,1,0.9,0.5263157894736842,0.6666666666666666,0.2,0.3076923076923077,0.12171612389003691
100.0,rbf,2,0.1,0.5263157894736842,0.5263157894736842,1.0,0.6896551724137931,0.0
100.0,rbf,2,0.2,0.5263157894736842,0.5263157894736842,1.0,0.6896551724137931,0.0
100.0,rbf,2,0.30000000000000004,0.5263157894736842,0.5294117647058824,0.9,0.6666666666666666,0.018077538151554683
100.0,rbf,2,0.4,0.6842105263157895,0.6666666666666666,0.8,0.7272727272727273,0.3680349649825889
100.0,rbf,2,0.5,0.631578947368421,0.6666666666666666,0.6,0.631578947368421,0.26666666666666666
100.0,rbf,2,0.6,0.5789473684210527,0.6666666666666666,0.4,0.5,0.19096396641051544
100.0,rbf,2,0.7000000000000001,0.5789473684210527,0.75,0.3,0.42857142857142855,0.23134069792952236
100.0,rbf,2,0.8,0.5263157894736842,1.0,0.1,0.18181818181818182,0.22360679774997896
100.0,rbf,2,0.9,0.5263157894736842,1.0,0.1,0.18181818181818182,0.22360679774997896
100.0,rbf,3,0.1,0.5263157894736842,0.5,1.0,0.6666666666666666,0.22360679774997896
100.0,rbf,3,0.2,0.631578947368421,0.5625,1.0,0.72,0.4107919181288746
100.0,rbf,3,0.30000000000000004,0.7368421052631579,0.6666666666666666,0.8888888888888888,0.7619047619047619,0.5060480768510598
100.0,rbf,3,0.4,0.8421052631578947,0.8,0.8888888888888888,0.8421052631578947,0.6888888888888889
100.0,rbf,3,0.5,0.8421052631578947,0.8,0.8888888888888888,0.8421052631578947,0.6888888888888889
100.0,rbf,3,0.6,0.8421052631578947,0.875,0.7777777777777778,0.8235294117647058,0.6854365268376295
100.0,rbf,3,0.7000000000000001,0.631578947368421,1.0,0.2222222222222222,0.36363636363636365,0.3615507630310936
100.0,rbf,3,0.8,0.5789473684210527,1.0,0.1111111111111111,0.2,0.24845199749997662
100.0,rbf,3,0.9,0.5263157894736842,1.0,0.0,0.0,0.0
100.0,rbf,4,0.1,0.47368421052631576,0.47368421052631576,1.0,0.6428571428571429,0.0
100.0,rbf,4,0.2,0.47368421052631576,0.47368421052631576,1.0,0.6428571428571429,0.0
100.0,rbf,4,0.30000000000000004,0.5263157894736842,0.5,1.0,0.6666666666666666,0.22360679774997896
100.0,rbf,4,0.4,0.6842105263157895,0.6,1.0,0.75,0.4898979485566356
100.0,rbf,4,0.5,0.6842105263157895,0.6153846153846154,0.8888888888888888,0.7272727272727273,0.41773367652300253
100.0,rbf,4,0.6,0.631578947368421,0.6,0.6666666666666666,0.631578947368421,0.26666666666666666
100.0,rbf,4,0.7000000000000001,0.6842105263157895,0.7142857142857143,0.5555555555555556,0.625,0.3680349649825889
100.0,rbf,4,0.8,0.5789473684210527,1.0,0.1111111111111111,0.2,0.24845199749997662
100.0,rbf,4,0.9,0.5263157894736842,1.0,0.0,0.0,0.0
100.0,rbf,5,0.1,0.5,0.5,1.0,0.6666666666666666,0.0
100.0,rbf,5,0.2,0.5,0.5,1.0,0.6666666666666666,0.0
100.0,rbf,5,0.30000000000000004,0.7777777777777778,0.6923076923076923,1.0,0.8181818181818182,0.6201736729460423
100.0,rbf,5,0.4,0.8333333333333334,1.0,0.6666666666666666,0.8,0.7071067811865475
100.0,rbf,5,0.5,0.8333333333333334,1.0,0.6666666666666666,0.8,0.7071067811865475
100.0,rbf,5,0.6,0.7222222222222222,1.0,0.4444444444444444,0.6153846153846154,0.5345224838248488
100.0,rbf,5,0.7000000000000001,0.6666666666666666,1.0,0.3333333333333333,0.5,0.4472135954999579
100.0,rbf,5,0.8,0.6111111111111112,1.0,0.2222222222222222,0.36363636363636365,0.3535533905932738
100.0,rbf,5,0.9,0.5,1.0,0.0,0.0,0.0
100.0,poly,1,0.1,0.5263157894736842,0.5263157894736842,1.0,0.6896551724137931,0.0
100.0,poly,1,0.2,0.5263157894736842,0.5263157894736842,1.0,0.6896551724137931,0.0
100.0,poly,1,0.30000000000000004,0.5263157894736842,0.5263157894736842,1.0,0.6896551724137931,0.0
100.0,poly,1,0.4,0.5263157894736842,0.5263157894736842,1.0,0.6896551724137931,0.0
100.0,poly,1,0.5,0.47368421052631576,1.0,0.0,0.0,0.0
100.0,poly,1,0.6,0.47368421052631576,1.0,0.0,0.0,0.0
100.0,poly,1,0.7000000000000001,0.47368421052631576,1.0,0.0,0.0,0.0
100.0,poly,1,0.8,0.47368421052631576,1.0,0.0,0.0,0.0
100.0,poly,1,0.9,0.47368421052631576,1.0,0.0,0.0,0.0
100.0,poly,2,0.1,0.5263157894736842,0.5263157894736842,1.0,0.6896551724137931,0.0
100.0,poly,2,0.2,0.5263157894736842,0.5263157894736842,1.0,0.6896551724137931,0.0
100.0,poly,2,0.30000000000000004,0.5263157894736842,0.5263157894736842,1.0,0.6896551724137931,0.0
100.0,poly,2,0.4,0.5263157894736842,0.5263157894736842,1.0,0.6896551724137931,0.0
100.0,poly,2,0.5,0.47368421052631576,1.0,0.0,0.0,0.0
100.0,poly,2,0.6,0.47368421052631576,1.0,0.0,0.0,0.0
100.0,poly,2,0.7000000000000001,0.47368421052631576,1.0,0.0,0.0,0.0
100.0,poly,2,0.8,0.47368421052631576,1.0,0.0,0.0,0.0
100.0,poly,2,0.9,0.47368421052631576,1.0,0.0,0.0,0.0
100.0,poly,3,0.1,0.42105263157894735,0.4444444444444444,0.8888888888888888,0.5925925925925926,-0.24845199749997662
100.0,poly,3,0.2,0.42105263157894735,0.4444444444444444,0.8888888888888888,0.5925925925925926,-0.24845199749997662
100.0,poly,3,0.30000000000000004,0.42105263157894735,0.4444444444444444,0.8888888888888888,0.5925925925925926,-0.24845199749997662
100.0,poly,3,0.4,0.42105263157894735,0.4444444444444444,0.8888888888888888,0.5925925925925926,-0.24845199749997662
100.0,poly,3,0.5,0.5263157894736842,0.5,0.2222222222222222,0.3076923076923077,0.027216552697590865
100.0,poly,3,0.6,0.47368421052631576,0.0,0.0,0.0,-0.22360679774997896
100.0,poly,3,0.7000000000000001,0.47368421052631576,0.0,0.0,0.0,-0.22360679774997896
100.0,poly,3,0.8,0.47368421052631576,0.0,0.0,0.0,-0.22360679774997896
100.0,poly,3,0.9,0.47368421052631576,0.0,0.0,0.0,-0.22360679774997896
100.0,poly,4,0.1,0.47368421052631576,0.47368421052631576,1.0,0.6428571428571429,0.0
100.0,poly,4,0.2,0.47368421052631576,0.47368421052631576,1.0,0.6428571428571429,0.0
100.0,poly,4,0.30000000000000004,0.47368421052631576,0.47368421052631576,1.0,0.6428571428571429,0.0
100.0,poly,4,0.4,0.47368421052631576,0.47368421052631576,1.0,0.6428571428571429,0.0
100.0,poly,4,0.5,0.47368421052631576,0.47368421052631576,1.0,0.6428571428571429,0.0
100.0,poly,4,0.6,0.5263157894736842,1.0,0.0,0.0,0.0
100.0,poly,4,0.7000000000000001,0.5263157894736842,1.0,0.0,0.0,0.0
100.0,poly,4,0.8,0.5263157894736842,1.0,0.0,0.0,0.0
100.0,poly,4,0.9,0.5263157894736842,1.0,0.0,0.0,0.0
100.0,poly,5,0.1,0.5,0.5,1.0,0.6666666666666666,0.0
100.0,poly,5,0.2,0.5,0.5,1.0,0.6666666666666666,0.0
100.0,poly,5,0.30000000000000004,0.5,0.5,1.0,0.6666666666666666,0.0
100.0,poly,5,0.4,0.5,0.5,1.0,0.6666666666666666,0.0
100.0,poly,5,0.5,0.5,1.0,0.0,0.0,0.0
100.0,poly,5,0.6,0.5,1.0,0.0,0.0,0.0
100.0,poly,5,0.7000000000000001,0.5,1.0,0.0,0.0,0.0
100.0,poly,5,0.8,0.5,1.0,0.0,0.0,0.0
100.0,poly,5,0.9,0.5,1.0,0.0,0.0,0.0
100.0,sigmoid,1,0.1,0.5263157894736842,0.5263157894736842,1.0,0.6896551724137931,0.0
100.0,sigmoid,1,0.2,0.5263157894736842,0.5263157894736842,1.0,0.6896551724137931,0.0
100.0,sigmoid,1,0.30000000000000004,0.47368421052631576,0.5,0.9,0.6428571428571429,-0.22360679774997896
100.0,sigmoid,1,0.4,0.42105263157894735,0.47058823529411764,0.8,0.5925925925925926,-0.32539568672798425
100.0,sigmoid,1,0.5,0.47368421052631576,0.5,0.7,0.5833333333333334,-0.08819171036881969
100.0,sigmoid,1,0.6,0.5263157894736842,0.6,0.3,0.4,0.08819171036881969
100.0,sigmoid,1,0.7000000000000001,0.42105263157894735,0.0,0.0,0.0,-0.24845199749997662
100.0,sigmoid,1,0.8,0.47368421052631576,1.0,0.0,0.0,0.0
100.0,sigmoid,1,0.9,0.47368421052631576,1.0,0.0,0.0,0.0
100.0,sigmoid,2,0.1,0.5263157894736842,0.5263157894736842,1.0,0.6896551724137931,0.0
100.0,sigmoid,2,0.2,0.5263157894736842,0.5263157894736842,1.0,0.6896551724137931,0.0
100.0,sigmoid,2,0.30000000000000004,0.5263157894736842,0.5263157894736842,1.0,0.6896551724137931,0.0
100.0,sigmoid,2,0.4,0.5263157894736842,0.5263157894736842,1.0,0.6896551724137931,0.0
100.0,sigmoid,2,0.5,0.5263157894736842,0.5384615384615384,0.7,0.6086956521739131,0.03580574370197164
100.0,sigmoid,2,0.6,0.42105263157894735,0.0,0.0,0.0,-0.24845199749997662
100.0,sigmoid,2,0.7000000000000001,0.47368421052631576,1.0,0.0,0.0,0.0
100.0,sigmoid,2,0.8,0.47368421052631576,1.0,0.0,0.0,0.0
100.0,sigmoid,2,0.9,0.47368421052631576,1.0,0.0,0.0,0.0
100.0,sigmoid,3,0.1,0.47368421052631576,0.47368421052631576,1.0,0.6428571428571429,0.0
100.0,sigmoid,3,0.2,0.47368421052631576,0.47368421052631576,1.0,0.6428571428571429,0.0
100.0,sigmoid,3,0.30000000000000004,0.42105263157894735,0.4444444444444444,0.8888888888888888,0.5925925925925926,-0.24845199749997662
100.0,sigmoid,3,0.4,0.42105263157894735,0.4444444444444444,0.8888888888888888,0.5925925925925926,-0.24845199749997662
100.0,sigmoid,3,0.5,0.5263157894736842,0.5,0.7777777777777778,0.6086956521739131,0.08819171036881969
100.0,sigmoid,3,0.6,0.5263157894736842,1.0,0.0,0.0,0.0
100.0,sigmoid,3,0.7000000000000001,0.5263157894736842,1.0,0.0,0.0,0.0
100.0,sigmoid,3,0.8,0.5263157894736842,1.0,0.0,0.0,0.0
100.0,sigmoid,3,0.9,0.5263157894736842,1.0,0.0,0.0,0.0
100.0,sigmoid,4,0.1,0.47368421052631576,0.47368421052631576,1.0,0.6428571428571429,0.0
100.0,sigmoid,4,0.2,0.47368421052631576,0.47368421052631576,1.0,0.6428571428571429,0.0
100.0,sigmoid,4,0.30000000000000004,0.42105263157894735,0.4444444444444444,0.8888888888888888,0.5925925925925926,-0.24845199749997662
100.0,sigmoid,4,0.4,0.47368421052631576,0.47058823529411764,0.8888888888888888,0.6153846153846154,-0.018077538151554683
100.0,sigmoid,4,0.5,0.47368421052631576,0.46153846153846156,0.6666666666666666,0.5454545454545454,-0.03580574370197164
100.0,sigmoid,4,0.6,0.631578947368421,1.0,0.2222222222222222,0.36363636363636365,0.3615507630310936
100.0,sigmoid,4,0.7000000000000001,0.5263157894736842,1.0,0.0,0.0,0.0
100.0,sigmoid,4,0.8,0.5263157894736842,1.0,0.0,0.0,0.0
100.0,sigmoid,4,0.9,0.5263157894736842,1.0,0.0,0.0,0.0
100.0,sigmoid,5,0.1,0.5,0.5,1.0,0.6666666666666666,0.0
100.0,sigmoid,5,0.2,0.5,0.5,1.0,0.6666666666666666,0.0
100.0,sigmoid,5,0.30000000000000004,0.5,0.5,1.0,0.6666666666666666,0.0
100.0,sigmoid,5,0.4,0.5,0.5,1.0,0.6666666666666666,0.0
100.0,sigmoid,5,0.5,0.8333333333333334,1.0,0.6666666666666666,0.8,0.7071067811865475
100.0,sigmoid,5,0.6,0.5,1.0,0.0,0.0,0.0
100.0,sigmoid,5,0.7000000000000001,0.5,1.0,0.0,0.0,0.0
100.0,sigmoid,5,0.8,0.5,1.0,0.0,0.0,0.0
100.0,sigmoid,5,0.9,0.5,1.0,0.0,0.0,0.0
