dt__criterion,dt__max_depth,dt__min_samples_split,dt__min_samples_leaf,dt__max_features,threshold,accuracy_mean,accuracy_std,precision_mean,precision_std,recall_mean,recall_std,f1_mean,f1_std,mcc_mean,mcc_std
entropy,10,5,2,log2,0.1,0.6284936479128855,0.2571585837428695,0.3208852258852259,0.12047761725846631,0.7555555555555555,0.327730693416725,0.4086854591365333,0.14264197347508673,0.3109038109114603,0.1674462284727363
entropy,10,5,2,log2,0.2,0.8332728372655778,0.029346361249343634,0.4798319327731092,0.12195172569161777,0.4666666666666666,0.31817380140614115,0.4237883855275159,0.18810925903185,0.36208629976887946,0.17941259513717578
entropy,10,5,2,log2,0.30000000000000004,0.8437991530550514,0.026912762125715868,0.5032085561497326,0.12086691958339878,0.4666666666666666,0.31817380140614115,0.4394405594405594,0.20110420510281274,0.3813232727822948,0.1923422558903927
entropy,10,5,2,log2,0.4,0.8542649727767696,0.033283422393705145,0.6,0.25276251480171835,0.3555555555555555,0.21372648957412604,0.4106493506493506,0.17462787084000667,0.3713370834316381,0.18280918799743032
entropy,10,5,2,log2,0.5,0.8680580762250454,0.023335529878710192,0.7333333333333333,0.25276251480171835,0.3555555555555555,0.21372648957412604,0.43004329004329006,0.15935664116330628,0.4260996623161888,0.1430341803927267
entropy,10,5,2,log2,0.6,0.8646098003629763,0.02251660878741885,0.7333333333333333,0.25276251480171835,0.22222222222222224,0.15713484026367722,0.3193939393939394,0.18062232995665717,0.3384296177626644,0.1686833841061178
entropy,10,5,2,log2,0.7000000000000001,0.8646098003629763,0.02251660878741885,0.75,0.25,0.2,0.12171612389003691,0.305034965034965,0.16116901415068677,0.33188147563677817,0.16233622212516507
entropy,10,5,2,log2,0.8,0.8611615245009074,0.020969546294539638,0.8,0.27386127875258304,0.15555555555555553,0.09938079899999064,0.25272727272727274,0.13852827380945776,0.3042671696267769,0.14902882928892722
entropy,10,5,2,log2,0.9,0.8611615245009074,0.020969546294539638,0.8,0.27386127875258304,0.15555555555555553,0.09938079899999064,0.25272727272727274,0.13852827380945776,0.3042671696267769,0.14902882928892722
entropy,10,5,2,sqrt,0.1,0.8678765880217785,0.05055965875001173,0.5505250305250305,0.10664571638775872,0.8444444444444444,0.23040490392586357,0.6601742058263798,0.14611670804012664,0.6092738757953111,0.178362291971324
entropy,10,5,2,sqrt,0.2,0.8853599516031458,0.04345938307699616,0.5974603174603175,0.1282555398300695,0.8222222222222222,0.21659542988464364,0.6855708110856853,0.1474782590013042,0.6350249923161061,0.1773155247155558
entropy,10,5,2,sqrt,0.30000000000000004,0.8922565033272838,0.04816110153722593,0.6229148629148629,0.1408927573731394,0.8,0.1987615979999813,0.6955708110856852,0.1544686589600416,0.6427828163764294,0.18302690521144435
entropy,10,5,2,sqrt,0.4,0.8957047791893527,0.04267835725454149,0.634025974025974,0.12454132409222773,0.8,0.1987615979999813,0.7007995692556198,0.14392556603244075,0.6504925669433229,0.1673512108050011
entropy,10,5,2,sqrt,0.5,0.8992135511191772,0.04148030132910819,0.6625974025974026,0.12296719488154115,0.7333333333333333,0.21659542988464361,0.6866691344730111,0.14796875288032166,0.6352563244481427,0.1711614171206003
entropy,10,5,2,sqrt,0.6,0.9062310949788264,0.03975574476029745,0.7216450216450216,0.1800808565524036,0.6888888888888889,0.19876159799998128,0.691498599439776,0.14293843803760894,0.6458785808295522,0.170989901946777
entropy,10,5,2,sqrt,0.7000000000000001,0.899092558983666,0.04212227424059994,0.7216450216450216,0.1800808565524036,0.5777777777777777,0.21372648957412604,0.6316666666666666,0.17324516988617286,0.5859194945148295,0.19736136933047063
entropy,10,5,2,sqrt,0.8,0.899092558983666,0.04212227424059994,0.7216450216450216,0.1800808565524036,0.5777777777777777,0.21372648957412604,0.6316666666666666,0.17324516988617286,0.5859194945148295,0.19736136933047063
entropy,10,5,2,sqrt,0.9,0.9061101028433152,0.03194899805252784,0.7716450216450216,0.13123828401430607,0.5777777777777777,0.21372648957412604,0.643974358974359,0.15376306516972113,0.610778207614637,0.16008430289586828
entropy,10,5,5,log2,0.1,0.4267392619479734,0.19557294311843987,0.2198839526792599,0.07973084885073842,0.9111111111111111,0.09296222517045283,0.34892213812122275,0.0992303012154806,0.1952912515815119,0.19274227196873797
entropy,10,5,5,log2,0.2,0.7920145190562613,0.07910673407894245,0.3236363636363636,0.27728017873743005,0.3111111111111111,0.2981423969999719,0.2828037836526801,0.21359516924790498,0.19556951707433615,0.23693819137396854
entropy,10,5,5,log2,0.30000000000000004,0.809255898366606,0.06383825872473142,0.3036363636363636,0.30011017260745987,0.28888888888888886,0.3201080064641763,0.2617511520737327,0.2391301032262145,0.18946138695475834,0.24571273001186295
entropy,10,5,5,log2,0.4,0.8437991530550514,0.03436155347019509,0.4033333333333333,0.3720065710291807,0.17777777777777776,0.16850834320114555,0.2446886446886447,0.22827596663924518,0.19908460415527157,0.2576059792272063
entropy,10,5,5,log2,0.5,0.843859649122807,0.031713155832366204,0.6333333333333333,0.41499665326629104,0.13333333333333333,0.12171612389003691,0.20093240093240095,0.18449114041093612,0.18588666305124804,0.22761444284907023
entropy,10,5,5,log2,0.6,0.8507562008469449,0.01482554855142559,0.9,0.22360679774997896,0.08888888888888888,0.12171612389003691,0.13426573426573427,0.18491181964798223,0.13991815396742477,0.20201566378984348
entropy,10,5,5,log2,0.7000000000000001,0.854204476709014,0.015104342920443296,0.9333333333333332,0.14907119849998599,0.08888888888888888,0.12171612389003691,0.1393939393939394,0.1911734581283334,0.15406415457237127,0.2145447829735951
entropy,10,5,5,log2,0.8,0.854204476709014,0.015104342920443296,0.9333333333333332,0.14907119849998599,0.08888888888888888,0.12171612389003691,0.1393939393939394,0.1911734581283334,0.15406415457237127,0.2145447829735951
entropy,10,5,5,log2,0.9,0.8507562008469449,0.01482554855142559,1.0,0.0,0.04444444444444444,0.09938079899999064,0.07272727272727272,0.16262312563634834,0.08807710121010884,0.19694638556693236
entropy,10,5,5,sqrt,0.1,0.7778584392014519,0.03246179198443582,0.4018529411764706,0.027961989152602187,0.8222222222222222,0.12668615834434865,0.535919488219691,0.02328454486794109,0.462979207357446,0.0400774913080351
entropy,10,5,5,sqrt,0.2,0.7882637628554143,0.027669098618640222,0.4147777532065458,0.02417275419941601,0.8222222222222222,0.12668615834434865,0.5474167571558877,0.019224281233590244,0.4762742803992214,0.03796739391846658
entropy,10,5,5,sqrt,0.30000000000000004,0.8055051421657593,0.06848357945595124,0.42480519480519485,0.2056486432721504,0.5333333333333333,0.19876159799998128,0.4655242966751919,0.18501166344716938,0.35831845442446175,0.22703189362974352
entropy,10,5,5,sqrt,0.4,0.8124016938898972,0.06301450288436519,0.42344155844155845,0.2015664327643333,0.4666666666666666,0.1987615979999813,0.4382177951272042,0.1865450617667252,0.3311966092158566,0.22421194150012422
entropy,10,5,5,sqrt,0.5,0.833393829401089,0.06271322755726984,0.47051948051948056,0.20026525671651457,0.4444444444444445,0.20786985482077452,0.45328173374613,0.19781277454589052,0.3581786400039272,0.23404415997397823
entropy,10,5,5,sqrt,0.6,0.833393829401089,0.06271322755726984,0.47051948051948056,0.20026525671651457,0.4444444444444445,0.20786985482077452,0.45328173374613,0.19781277454589052,0.3581786400039272,0.23404415997397823
entropy,10,5,5,sqrt,0.7000000000000001,0.8472474289171205,0.03301334216489356,0.5619047619047619,0.3740445121267711,0.22222222222222224,0.23570226039551587,0.26666666666666666,0.26777115021766046,0.21994492486205636,0.263814924757145
entropy,10,5,5,sqrt,0.8,0.8472474289171205,0.03301334216489356,0.5619047619047619,0.3740445121267711,0.22222222222222224,0.23570226039551587,0.26666666666666666,0.26777115021766046,0.21994492486205636,0.263814924757145
entropy,10,5,5,sqrt,0.9,0.8437991530550514,0.020664743035232237,0.7333333333333333,0.4346134936801766,0.06666666666666667,0.09938079899999065,0.10666666666666666,0.15347819244295116,0.11138636826753215,0.19248052691541725
entropy,10,10,2,log2,0.1,0.6218995765275257,0.2272045179765005,0.29132345914954605,0.09859986965295847,0.7555555555555555,0.327730693416725,0.39224122487717306,0.125237662900996,0.2897077134282522,0.15477838198214172
entropy,10,10,2,log2,0.2,0.8021778584392015,0.05756869189555589,0.4052795031055901,0.1592597198942866,0.4666666666666666,0.31817380140614115,0.3914066496163683,0.17592714218449979,0.31058578074555643,0.1852332401484395
entropy,10,10,2,log2,0.30000000000000004,0.8368421052631578,0.03955015736154587,0.4590909090909091,0.16714806509723165,0.42222222222222217,0.2533723166886973,0.421344537815126,0.20399758487125358,0.34084197829782303,0.21212830376183736
entropy,10,10,2,log2,0.4,0.8507562008469449,0.0357212503697621,0.5666666666666667,0.27888667551135854,0.3555555555555555,0.21372648957412604,0.4076190476190476,0.17965070669839728,0.35823622164635716,0.20144447037109106
entropy,10,10,2,log2,0.5,0.8680580762250454,0.023335529878710192,0.8333333333333333,0.23570226039551584,0.22222222222222224,0.17568209223157663,0.3157575757575758,0.22428746476413122,0.32881320165804606,0.2304521233166142
entropy,10,10,2,log2,0.6,0.8646098003629763,0.02251660878741885,0.8333333333333333,0.23570226039551584,0.2,0.18257418583505536,0.283030303030303,0.22747062091454143,0.3024330012855951,0.2217920512050024
entropy,10,10,2,log2,0.7000000000000001,0.8646098003629763,0.02251660878741885,0.85,0.22360679774997896,0.17777777777777776,0.14907119849998596,0.2686713286713287,0.20925713158030826,0.29588485915970886,0.21564183619196925
entropy,10,10,2,log2,0.8,0.8646098003629763,0.02251660878741885,0.85,0.22360679774997896,0.17777777777777776,0.14907119849998596,0.2686713286713287,0.20925713158030826,0.29588485915970886,0.21564183619196925
entropy,10,10,2,log2,0.9,0.8611615245009074,0.020969546294539638,0.9,0.22360679774997896,0.13333333333333333,0.12171612389003691,0.21636363636363637,0.1795770973267402,0.2682705531497076,0.1996819734097078
entropy,10,10,2,sqrt,0.1,0.8331518451300666,0.061839884149128006,0.4765836940836941,0.11474886639751845,0.6888888888888889,0.24088314876309774,0.5580193236714976,0.1557521936550945,0.4760010192159084,0.19986825949245007
entropy,10,10,2,sqrt,0.2,0.8576527525710829,0.02830705327758559,0.5231746031746032,0.062255821832000804,0.6666666666666666,0.26057865332352387,0.5774001286250579,0.13735889672027626,0.5057681232675995,0.17022782395915342
entropy,10,10,2,sqrt,0.30000000000000004,0.8714458560193588,0.04009433655082757,0.581962481962482,0.11622165101856377,0.6444444444444445,0.2277100170213244,0.5999491482329011,0.14423995947232207,0.5333094292697027,0.17012483297712602
entropy,10,10,2,sqrt,0.4,0.8748941318814276,0.03590137089420392,0.5930735930735931,0.10151261315465168,0.6444444444444445,0.2277100170213244,0.6051779064028358,0.13751045139400317,0.5410191798365961,0.1598751694068859
entropy,10,10,2,sqrt,0.5,0.8784029038112523,0.037022036549592297,0.6216450216450216,0.11331535777599955,0.5777777777777777,0.18257418583505536,0.5910474716202271,0.1292724577662121,0.5257829373414159,0.150598688785446
entropy,10,10,2,sqrt,0.6,0.8784029038112523,0.037022036549592297,0.6383116883116883,0.12690611125037887,0.5555555555555556,0.20786985482077452,0.5766884972612527,0.14076241913115523,0.5192347952155297,0.15377246312383144
entropy,10,10,2,sqrt,0.7000000000000001,0.895946763460375,0.03629827081525987,0.7383116883116883,0.17755911408534192,0.5555555555555556,0.20786985482077452,0.6142824822236588,0.1488163973449138,0.5759064283135789,0.1656870677172149
entropy,10,10,2,sqrt,0.8,0.895946763460375,0.03629827081525987,0.7383116883116883,0.17755911408534192,0.5555555555555556,0.20786985482077452,0.6142824822236588,0.1488163973449138,0.5759064283135789,0.1656870677172149
entropy,10,10,2,sqrt,0.9,0.902843315184513,0.025961730827056228,0.8383116883116883,0.1481530185883817,0.5111111111111111,0.25579698740491863,0.5928921078921079,0.17921563831519152,0.5879076624919224,0.14940926871098772
entropy,10,10,5,log2,0.1,0.4267392619479734,0.19557294311843987,0.2198839526792599,0.07973084885073842,0.9111111111111111,0.09296222517045283,0.34892213812122275,0.0992303012154806,0.1952912515815119,0.19274227196873797
entropy,10,10,5,log2,0.2,0.7920145190562613,0.07910673407894245,0.3236363636363636,0.27728017873743005,0.3111111111111111,0.2981423969999719,0.2828037836526801,0.21359516924790498,0.19556951707433615,0.23693819137396854
entropy,10,10,5,log2,0.30000000000000004,0.809255898366606,0.06383825872473142,0.3036363636363636,0.30011017260745987,0.28888888888888886,0.3201080064641763,0.2617511520737327,0.2391301032262145,0.18946138695475834,0.24571273001186295
entropy,10,10,5,log2,0.4,0.8437991530550514,0.03436155347019509,0.4033333333333333,0.3720065710291807,0.17777777777777776,0.16850834320114555,0.2446886446886447,0.22827596663924518,0.19908460415527157,0.2576059792272063
entropy,10,10,5,log2,0.5,0.843859649122807,0.031713155832366204,0.6333333333333333,0.41499665326629104,0.13333333333333333,0.12171612389003691,0.20093240093240095,0.18449114041093612,0.18588666305124804,0.22761444284907023
entropy,10,10,5,log2,0.6,0.8507562008469449,0.01482554855142559,0.9,0.22360679774997896,0.08888888888888888,0.12171612389003691,0.13426573426573427,0.18491181964798223,0.13991815396742477,0.20201566378984348
entropy,10,10,5,log2,0.7000000000000001,0.854204476709014,0.015104342920443296,0.9333333333333332,0.14907119849998599,0.08888888888888888,0.12171612389003691,0.1393939393939394,0.1911734581283334,0.15406415457237127,0.2145447829735951
entropy,10,10,5,log2,0.8,0.854204476709014,0.015104342920443296,0.9333333333333332,0.14907119849998599,0.08888888888888888,0.12171612389003691,0.1393939393939394,0.1911734581283334,0.15406415457237127,0.2145447829735951
entropy,10,10,5,log2,0.9,0.8507562008469449,0.01482554855142559,1.0,0.0,0.04444444444444444,0.09938079899999064,0.07272727272727272,0.16262312563634834,0.08807710121010884,0.19694638556693236
entropy,10,10,5,sqrt,0.1,0.7778584392014519,0.03246179198443582,0.4018529411764706,0.027961989152602187,0.8222222222222222,0.12668615834434865,0.535919488219691,0.02328454486794109,0.462979207357446,0.0400774913080351
entropy,10,10,5,sqrt,0.2,0.7882637628554143,0.027669098618640222,0.4147777532065458,0.02417275419941601,0.8222222222222222,0.12668615834434865,0.5474167571558877,0.019224281233590244,0.4762742803992214,0.03796739391846658
entropy,10,10,5,sqrt,0.30000000000000004,0.8055051421657593,0.06848357945595124,0.42480519480519485,0.2056486432721504,0.5333333333333333,0.19876159799998128,0.4655242966751919,0.18501166344716938,0.35831845442446175,0.22703189362974352
entropy,10,10,5,sqrt,0.4,0.8124016938898972,0.06301450288436519,0.42344155844155845,0.2015664327643333,0.4666666666666666,0.1987615979999813,0.4382177951272042,0.1865450617667252,0.3311966092158566,0.22421194150012422
entropy,10,10,5,sqrt,0.5,0.833393829401089,0.06271322755726984,0.47051948051948056,0.20026525671651457,0.4444444444444445,0.20786985482077452,0.45328173374613,0.19781277454589052,0.3581786400039272,0.23404415997397823
entropy,10,10,5,sqrt,0.6,0.833393829401089,0.06271322755726984,0.47051948051948056,0.20026525671651457,0.4444444444444445,0.20786985482077452,0.45328173374613,0.19781277454589052,0.3581786400039272,0.23404415997397823
entropy,10,10,5,sqrt,0.7000000000000001,0.8472474289171205,0.03301334216489356,0.5619047619047619,0.3740445121267711,0.22222222222222224,0.23570226039551587,0.26666666666666666,0.26777115021766046,0.21994492486205636,0.263814924757145
entropy,10,10,5,sqrt,0.8,0.8472474289171205,0.03301334216489356,0.5619047619047619,0.3740445121267711,0.22222222222222224,0.23570226039551587,0.26666666666666666,0.26777115021766046,0.21994492486205636,0.263814924757145
entropy,10,10,5,sqrt,0.9,0.8437991530550514,0.020664743035232237,0.7333333333333333,0.4346134936801766,0.06666666666666667,0.09938079899999065,0.10666666666666666,0.15347819244295116,0.11138636826753215,0.19248052691541725
entropy,20,5,2,log2,0.1,0.7112522686025409,0.14921045760786963,0.3633504273504274,0.10257361779223784,0.8,0.14487116456005886,0.48496236878589816,0.09071840947523856,0.39635581982500934,0.10321276905208551
entropy,20,5,2,log2,0.2,0.8297640653357531,0.02659282180119093,0.47551624845742496,0.05341625945915059,0.6,0.28974232912011766,0.4885314685314685,0.17745545815865957,0.42258311920208247,0.15000557318630817
entropy,20,5,2,log2,0.30000000000000004,0.8402903811252269,0.014174681807453062,0.49551624845742487,0.032825056766684346,0.6,0.28974232912011766,0.5028171828171828,0.18143990245575942,0.4401218589027026,0.15135607332752812
entropy,20,5,2,log2,0.4,0.8715063520871145,0.02647644806925505,0.7428571428571429,0.2505096845250026,0.37777777777777777,0.23040490392586355,0.44837662337662343,0.17835139927270915,0.4445458376636151,0.156970432646174
entropy,20,5,2,log2,0.5,0.8715063520871145,0.02647644806925505,0.7428571428571429,0.2505096845250026,0.37777777777777777,0.23040490392586355,0.44837662337662343,0.17835139927270915,0.4445458376636151,0.156970432646174
entropy,20,5,2,log2,0.6,0.8646098003629763,0.02251660878741885,0.7333333333333333,0.25276251480171835,0.22222222222222224,0.15713484026367722,0.3193939393939394,0.18062232995665717,0.3384296177626644,0.1686833841061178
entropy,20,5,2,log2,0.7000000000000001,0.8646098003629763,0.02251660878741885,0.75,0.25,0.2,0.12171612389003691,0.305034965034965,0.16116901415068677,0.33188147563677817,0.16233622212516507
entropy,20,5,2,log2,0.8,0.8611615245009074,0.020969546294539638,0.8,0.27386127875258304,0.15555555555555553,0.09938079899999064,0.25272727272727274,0.13852827380945776,0.3042671696267769,0.14902882928892722
entropy,20,5,2,log2,0.9,0.8611615245009074,0.020969546294539638,0.8,0.27386127875258304,0.15555555555555553,0.09938079899999064,0.25272727272727274,0.13852827380945776,0.3042671696267769,0.14902882928892722
entropy,20,5,2,sqrt,0.1,0.8748941318814276,0.05307844796298077,0.5755519480519481,0.120673327584092,0.8222222222222222,0.18592445034090566,0.6724118993135011,0.13304155123258168,0.6168649841316951,0.16705012761727955
entropy,20,5,2,sqrt,0.2,0.8923774954627948,0.04116311778214363,0.6216017316017316,0.108554951903996,0.8,0.16480441082434805,0.6972234935163997,0.1217108289013542,0.6424892990707384,0.1507398162411629
entropy,20,5,2,sqrt,0.30000000000000004,0.8923774954627948,0.04116311778214363,0.6216017316017316,0.108554951903996,0.8,0.16480441082434805,0.6972234935163997,0.1217108289013542,0.6424892990707384,0.1507398162411629
entropy,20,5,2,sqrt,0.4,0.9131881427707199,0.036583868439784326,0.7196825396825397,0.16747573840077506,0.7777777777777778,0.15713484026367722,0.737369692346809,0.11623855431631222,0.693931277113973,0.14313470822313165
entropy,20,5,2,sqrt,0.5,0.9131881427707199,0.036583868439784326,0.7196825396825397,0.16747573840077506,0.7777777777777778,0.15713484026367722,0.737369692346809,0.11623855431631222,0.693931277113973,0.14313470822313165
entropy,20,5,2,sqrt,0.6,0.9166364186327888,0.03745727753559883,0.7365656565656565,0.16195891684573052,0.7555555555555555,0.12171612389003687,0.7408479532163742,0.11817476735906011,0.6948587719489423,0.1436820183166068
entropy,20,5,2,sqrt,0.7000000000000001,0.8853599516031458,0.029215592429975006,0.7225974025974026,0.1695031581635709,0.48888888888888893,0.2557969874049186,0.5434415584415584,0.17312296001648939,0.5156359667472528,0.15658930329678503
entropy,20,5,2,sqrt,0.8,0.8853599516031458,0.029215592429975006,0.7225974025974026,0.1695031581635709,0.48888888888888893,0.2557969874049186,0.5434415584415584,0.17312296001648939,0.5156359667472528,0.15658930329678503
entropy,20,5,2,sqrt,0.9,0.8888687235329703,0.026259753566648107,0.8025974025974026,0.19029408847345733,0.4666666666666666,0.27666443551086073,0.5304545454545455,0.1858612963680263,0.5285210061832211,0.14439880613545383
entropy,20,5,5,log2,0.1,0.4267392619479734,0.19557294311843987,0.2198839526792599,0.07973084885073842,0.9111111111111111,0.09296222517045283,0.34892213812122275,0.0992303012154806,0.1952912515815119,0.19274227196873797
entropy,20,5,5,log2,0.2,0.7920145190562613,0.07910673407894245,0.3236363636363636,0.27728017873743005,0.3111111111111111,0.2981423969999719,0.2828037836526801,0.21359516924790498,0.19556951707433615,0.23693819137396854
entropy,20,5,5,log2,0.30000000000000004,0.809255898366606,0.06383825872473142,0.3036363636363636,0.30011017260745987,0.28888888888888886,0.3201080064641763,0.2617511520737327,0.2391301032262145,0.18946138695475834,0.24571273001186295
entropy,20,5,5,log2,0.4,0.8437991530550514,0.03436155347019509,0.4033333333333333,0.3720065710291807,0.17777777777777776,0.16850834320114555,0.2446886446886447,0.22827596663924518,0.19908460415527157,0.2576059792272063
entropy,20,5,5,log2,0.5,0.843859649122807,0.031713155832366204,0.6333333333333333,0.41499665326629104,0.13333333333333333,0.12171612389003691,0.20093240093240095,0.18449114041093612,0.18588666305124804,0.22761444284907023
entropy,20,5,5,log2,0.6,0.8507562008469449,0.01482554855142559,0.9,0.22360679774997896,0.08888888888888888,0.12171612389003691,0.13426573426573427,0.18491181964798223,0.13991815396742477,0.20201566378984348
entropy,20,5,5,log2,0.7000000000000001,0.854204476709014,0.015104342920443296,0.9333333333333332,0.14907119849998599,0.08888888888888888,0.12171612389003691,0.1393939393939394,0.1911734581283334,0.15406415457237127,0.2145447829735951
entropy,20,5,5,log2,0.8,0.854204476709014,0.015104342920443296,0.9333333333333332,0.14907119849998599,0.08888888888888888,0.12171612389003691,0.1393939393939394,0.1911734581283334,0.15406415457237127,0.2145447829735951
entropy,20,5,5,log2,0.9,0.8507562008469449,0.01482554855142559,1.0,0.0,0.04444444444444444,0.09938079899999064,0.07272727272727272,0.16262312563634834,0.08807710121010884,0.19694638556693236
entropy,20,5,5,sqrt,0.1,0.7847549909255898,0.019114507820190904,0.40353715170278637,0.024896440561620225,0.7777777777777778,0.0785674201318386,0.5300371352785146,0.028475993866931826,0.44671947352017594,0.041623632922076916
entropy,20,5,5,sqrt,0.2,0.8227465214761039,0.05166351789577821,0.47977775320654575,0.12347241452859702,0.7777777777777778,0.0785674201318386,0.58569426911761,0.08664664531401846,0.5116192140959366,0.10332929720982582
entropy,20,5,5,sqrt,0.30000000000000004,0.8434361766485179,0.06455974993596889,0.5284415584415585,0.18176390655581054,0.6444444444444445,0.12171612389003693,0.5728927177278234,0.14351617886269805,0.4885632309562936,0.17686696811715613
entropy,20,5,5,sqrt,0.4,0.8503327283726557,0.06655646670448657,0.5389971139971139,0.2069895537613441,0.5777777777777777,0.18257418583505536,0.5516680875248651,0.18594284612972156,0.46728668796121486,0.22230293852020547
entropy,20,5,5,sqrt,0.5,0.8713248638838476,0.04900256174137506,0.5860750360750361,0.1694742841743985,0.5555555555555556,0.20786985482077452,0.5667320261437909,0.1860995839016558,0.49426871874928546,0.21152849416743535
entropy,20,5,5,sqrt,0.6,0.8540834845735027,0.03624757083023623,0.5305194805194805,0.1323943011228558,0.4444444444444445,0.20786985482077452,0.47271493212669685,0.17095132138203217,0.39871748125716827,0.1800569950733048
entropy,20,5,5,sqrt,0.7000000000000001,0.8575922565033272,0.025895567752242846,0.7619047619047619,0.24281045302822787,0.24444444444444446,0.21372648957412607,0.30666666666666664,0.23029268816491377,0.2979549122731062,0.20331211330114446
entropy,20,5,5,sqrt,0.8,0.8575922565033272,0.025895567752242846,0.7619047619047619,0.24281045302822787,0.24444444444444446,0.21372648957412607,0.30666666666666664,0.23029268816491377,0.2979549122731062,0.20331211330114446
entropy,20,5,5,sqrt,0.9,0.8541439806412583,0.009844329392284572,0.9333333333333332,0.14907119849998599,0.08888888888888888,0.09296222517045283,0.14666666666666667,0.14452988925785865,0.18939635567858204,0.17308345737027392
entropy,20,10,2,log2,0.1,0.6767090139140957,0.13303125189936088,0.321153452685422,0.06869818039273458,0.8,0.14487116456005886,0.44813002123926493,0.05789887355961423,0.3524423704121987,0.06295794823514891
entropy,20,10,2,log2,0.2,0.7742286751361162,0.04284428727917683,0.3468729096989967,0.13040481282484778,0.6,0.28974232912011766,0.43262032085561497,0.17717207844407618,0.3291683547622687,0.205790360803854
entropy,20,10,2,log2,0.30000000000000004,0.8264367816091955,0.02061354130428968,0.438974358974359,0.07182691592581116,0.5555555555555556,0.24845199749997662,0.47099567099567097,0.17260869976719506,0.3876969276270634,0.15731484171332202
entropy,20,10,2,log2,0.4,0.854204476709014,0.039769550836162175,0.5761904761904761,0.2839229559193113,0.37777777777777777,0.23040490392586355,0.42595238095238097,0.19929083454763763,0.3766823969937835,0.21883867785034206
entropy,20,10,2,log2,0.5,0.8715063520871145,0.02647644806925505,0.8428571428571429,0.22812456318101873,0.24444444444444446,0.21372648957412607,0.3340909090909091,0.24891292579554636,0.3472593770054724,0.24854683439187147
entropy,20,10,2,log2,0.6,0.8646098003629763,0.02251660878741885,0.8333333333333333,0.23570226039551584,0.2,0.18257418583505536,0.283030303030303,0.22747062091454143,0.3024330012855951,0.2217920512050024
entropy,20,10,2,log2,0.7000000000000001,0.8646098003629763,0.02251660878741885,0.85,0.22360679774997896,0.17777777777777776,0.14907119849998596,0.2686713286713287,0.20925713158030826,0.29588485915970886,0.21564183619196925
entropy,20,10,2,log2,0.8,0.8646098003629763,0.02251660878741885,0.85,0.22360679774997896,0.17777777777777776,0.14907119849998596,0.2686713286713287,0.20925713158030826,0.29588485915970886,0.21564183619196925
entropy,20,10,2,log2,0.9,0.8541439806412583,0.009844329392284565,0.9,0.22360679774997896,0.08888888888888888,0.049690399499995326,0.15636363636363637,0.08776377008107034,0.2211256823441809,0.1358270706048066
entropy,20,10,2,sqrt,0.1,0.8505747126436782,0.0770936286354399,0.537536075036075,0.17870802874337843,0.711111111111111,0.18592445034090566,0.6063630089717046,0.16997408707957187,0.5294385842309165,0.2146913814673819
entropy,20,10,2,sqrt,0.2,0.8750756200846945,0.04305061450306362,0.5841269841269842,0.12468150404225703,0.6888888888888889,0.21372648957412604,0.625743813925265,0.14545639250140335,0.5592056882826075,0.17648194320814584
entropy,20,10,2,sqrt,0.30000000000000004,0.8819721718088325,0.04809171044305489,0.6252525252525253,0.1416124151149262,0.6444444444444445,0.18257418583505536,0.6274853801169591,0.1480722078886406,0.562631827213125,0.1739069025337753
entropy,20,10,2,sqrt,0.4,0.8888687235329703,0.04016137063828183,0.6454545454545455,0.1160737480581484,0.6444444444444445,0.18257418583505536,0.6385964912280702,0.13784557352642723,0.5774147849000802,0.15914189034522516
entropy,20,10,2,sqrt,0.5,0.8888687235329703,0.04016137063828183,0.6454545454545455,0.1160737480581484,0.6444444444444445,0.18257418583505536,0.6385964912280702,0.13784557352642723,0.5774147849000802,0.15914189034522516
entropy,20,10,2,sqrt,0.6,0.8888687235329703,0.04016137063828183,0.6621212121212121,0.12548243805805567,0.6222222222222222,0.21659542988464361,0.6242375168690958,0.15430806954571777,0.570866642774194,0.1647342657251876
entropy,20,10,2,sqrt,0.7000000000000001,0.8993950393224439,0.030599590418052946,0.7494227994227994,0.15976468266052926,0.5777777777777777,0.19876159799998128,0.6312759462759463,0.13223294472977218,0.5945005326219689,0.14183941008740514
entropy,20,10,2,sqrt,0.8,0.8993950393224439,0.030599590418052946,0.7494227994227994,0.15976468266052926,0.5777777777777777,0.19876159799998128,0.6312759462759463,0.13223294472977218,0.5945005326219689,0.14183941008740514
entropy,20,10,2,sqrt,0.9,0.8993950393224439,0.030599590418052946,0.8383116883116883,0.1481530185883817,0.48888888888888893,0.2897423291201177,0.5601648351648352,0.23713056547802325,0.5615274621194714,0.18839870459696134
entropy,20,10,5,log2,0.1,0.4267392619479734,0.19557294311843987,0.2198839526792599,0.07973084885073842,0.9111111111111111,0.09296222517045283,0.34892213812122275,0.0992303012154806,0.1952912515815119,0.19274227196873797
entropy,20,10,5,log2,0.2,0.7920145190562613,0.07910673407894245,0.3236363636363636,0.27728017873743005,0.3111111111111111,0.2981423969999719,0.2828037836526801,0.21359516924790498,0.19556951707433615,0.23693819137396854
entropy,20,10,5,log2,0.30000000000000004,0.809255898366606,0.06383825872473142,0.3036363636363636,0.30011017260745987,0.28888888888888886,0.3201080064641763,0.2617511520737327,0.2391301032262145,0.18946138695475834,0.24571273001186295
entropy,20,10,5,log2,0.4,0.8437991530550514,0.03436155347019509,0.4033333333333333,0.3720065710291807,0.17777777777777776,0.16850834320114555,0.2446886446886447,0.22827596663924518,0.19908460415527157,0.2576059792272063
entropy,20,10,5,log2,0.5,0.843859649122807,0.031713155832366204,0.6333333333333333,0.41499665326629104,0.13333333333333333,0.12171612389003691,0.20093240093240095,0.18449114041093612,0.18588666305124804,0.22761444284907023
entropy,20,10,5,log2,0.6,0.8507562008469449,0.01482554855142559,0.9,0.22360679774997896,0.08888888888888888,0.12171612389003691,0.13426573426573427,0.18491181964798223,0.13991815396742477,0.20201566378984348
entropy,20,10,5,log2,0.7000000000000001,0.854204476709014,0.015104342920443296,0.9333333333333332,0.14907119849998599,0.08888888888888888,0.12171612389003691,0.1393939393939394,0.1911734581283334,0.15406415457237127,0.2145447829735951
entropy,20,10,5,log2,0.8,0.854204476709014,0.015104342920443296,0.9333333333333332,0.14907119849998599,0.08888888888888888,0.12171612389003691,0.1393939393939394,0.1911734581283334,0.15406415457237127,0.2145447829735951
entropy,20,10,5,log2,0.9,0.8507562008469449,0.01482554855142559,1.0,0.0,0.04444444444444444,0.09938079899999064,0.07272727272727272,0.16262312563634834,0.08807710121010884,0.19694638556693236
entropy,20,10,5,sqrt,0.1,0.7847549909255898,0.019114507820190904,0.40353715170278637,0.024896440561620225,0.7777777777777778,0.0785674201318386,0.5300371352785146,0.028475993866931826,0.44671947352017594,0.041623632922076916
entropy,20,10,5,sqrt,0.2,0.8227465214761039,0.05166351789577821,0.47977775320654575,0.12347241452859702,0.7777777777777778,0.0785674201318386,0.58569426911761,0.08664664531401846,0.5116192140959366,0.10332929720982582
entropy,20,10,5,sqrt,0.30000000000000004,0.8434361766485179,0.06455974993596889,0.5284415584415585,0.18176390655581054,0.6444444444444445,0.12171612389003693,0.5728927177278234,0.14351617886269805,0.4885632309562936,0.17686696811715613
entropy,20,10,5,sqrt,0.4,0.8503327283726557,0.06655646670448657,0.5389971139971139,0.2069895537613441,0.5777777777777777,0.18257418583505536,0.5516680875248651,0.18594284612972156,0.46728668796121486,0.22230293852020547
entropy,20,10,5,sqrt,0.5,0.8713248638838476,0.04900256174137506,0.5860750360750361,0.1694742841743985,0.5555555555555556,0.20786985482077452,0.5667320261437909,0.1860995839016558,0.49426871874928546,0.21152849416743535
entropy,20,10,5,sqrt,0.6,0.8540834845735027,0.03624757083023623,0.5305194805194805,0.1323943011228558,0.4444444444444445,0.20786985482077452,0.47271493212669685,0.17095132138203217,0.39871748125716827,0.1800569950733048
entropy,20,10,5,sqrt,0.7000000000000001,0.8575922565033272,0.025895567752242846,0.7619047619047619,0.24281045302822787,0.24444444444444446,0.21372648957412607,0.30666666666666664,0.23029268816491377,0.2979549122731062,0.20331211330114446
entropy,20,10,5,sqrt,0.8,0.8575922565033272,0.025895567752242846,0.7619047619047619,0.24281045302822787,0.24444444444444446,0.21372648957412607,0.30666666666666664,0.23029268816491377,0.2979549122731062,0.20331211330114446
entropy,20,10,5,sqrt,0.9,0.8541439806412583,0.009844329392284572,0.9333333333333332,0.14907119849998599,0.08888888888888888,0.09296222517045283,0.14666666666666667,0.14452988925785865,0.18939635567858204,0.17308345737027392
entropy,30,5,2,log2,0.1,0.6698729582577132,0.19138014937095513,0.3512528663748176,0.11736244786054177,0.8444444444444444,0.1685083432011456,0.4746094276094276,0.1032486054069166,0.3915336969712455,0.10922368856527509
entropy,30,5,2,log2,0.2,0.8056261343012704,0.06125193251235346,0.4498752228163993,0.08388456196589932,0.6444444444444445,0.31817380140614115,0.4764102564102564,0.17464282642523613,0.41430751879831684,0.14892175226204804
entropy,30,5,2,log2,0.30000000000000004,0.8437386569872958,0.012282340701044345,0.5032085561497326,0.026831387602785212,0.5777777777777777,0.2876039801232174,0.49898943162101056,0.1805150507843113,0.4361031420301666,0.15113571099396061
entropy,30,5,2,log2,0.4,0.8611615245009074,0.024256018883164542,0.7,0.2738612787525831,0.37777777777777777,0.23040490392586355,0.4286397812713602,0.1582465388648002,0.4170657926768161,0.14018719605948407
entropy,30,5,2,log2,0.5,0.8611615245009074,0.024256018883164542,0.7,0.2738612787525831,0.37777777777777777,0.23040490392586355,0.4286397812713602,0.1582465388648002,0.4170657926768161,0.14018719605948407
entropy,30,5,2,log2,0.6,0.8646098003629763,0.02251660878741885,0.7333333333333333,0.25276251480171835,0.22222222222222224,0.15713484026367722,0.3193939393939394,0.18062232995665717,0.3384296177626644,0.1686833841061178
entropy,30,5,2,log2,0.7000000000000001,0.8646098003629763,0.02251660878741885,0.75,0.25,0.2,0.12171612389003691,0.305034965034965,0.16116901415068677,0.33188147563677817,0.16233622212516507
entropy,30,5,2,log2,0.8,0.8646098003629763,0.02251660878741885,0.75,0.25,0.2,0.12171612389003691,0.305034965034965,0.16116901415068677,0.33188147563677817,0.16233622212516507
entropy,30,5,2,log2,0.9,0.8611615245009074,0.020969546294539638,0.8,0.27386127875258304,0.15555555555555553,0.09938079899999064,0.25272727272727274,0.13852827380945776,0.3042671696267769,0.14902882928892722
entropy,30,5,2,sqrt,0.1,0.8748941318814276,0.05307844796298077,0.5755519480519481,0.120673327584092,0.8222222222222222,0.18592445034090566,0.6724118993135011,0.13304155123258168,0.6168649841316951,0.16705012761727955
entropy,30,5,2,sqrt,0.2,0.8923774954627948,0.04116311778214363,0.6216017316017316,0.108554951903996,0.8,0.16480441082434805,0.6972234935163997,0.1217108289013542,0.6424892990707384,0.1507398162411629
entropy,30,5,2,sqrt,0.30000000000000004,0.8923774954627948,0.04116311778214363,0.6216017316017316,0.108554951903996,0.8,0.16480441082434805,0.6972234935163997,0.1217108289013542,0.6424892990707384,0.1507398162411629
entropy,30,5,2,sqrt,0.4,0.9131881427707199,0.036583868439784326,0.7196825396825397,0.16747573840077506,0.7777777777777778,0.15713484026367722,0.737369692346809,0.11623855431631222,0.693931277113973,0.14313470822313165
entropy,30,5,2,sqrt,0.5,0.9131881427707199,0.036583868439784326,0.7196825396825397,0.16747573840077506,0.7777777777777778,0.15713484026367722,0.737369692346809,0.11623855431631222,0.693931277113973,0.14313470822313165
entropy,30,5,2,sqrt,0.6,0.9166364186327888,0.03745727753559883,0.7365656565656565,0.16195891684573052,0.7555555555555555,0.12171612389003687,0.7408479532163742,0.11817476735906011,0.6948587719489423,0.1436820183166068
entropy,30,5,2,sqrt,0.7000000000000001,0.8853599516031458,0.029215592429975006,0.7225974025974026,0.1695031581635709,0.48888888888888893,0.2557969874049186,0.5434415584415584,0.17312296001648939,0.5156359667472528,0.15658930329678503
entropy,30,5,2,sqrt,0.8,0.8853599516031458,0.029215592429975006,0.7225974025974026,0.1695031581635709,0.48888888888888893,0.2557969874049186,0.5434415584415584,0.17312296001648939,0.5156359667472528,0.15658930329678503
entropy,30,5,2,sqrt,0.9,0.8888687235329703,0.026259753566648107,0.8025974025974026,0.19029408847345733,0.4666666666666666,0.27666443551086073,0.5304545454545455,0.1858612963680263,0.5285210061832211,0.14439880613545383
entropy,30,5,5,log2,0.1,0.4267392619479734,0.19557294311843987,0.2198839526792599,0.07973084885073842,0.9111111111111111,0.09296222517045283,0.34892213812122275,0.0992303012154806,0.1952912515815119,0.19274227196873797
entropy,30,5,5,log2,0.2,0.7920145190562613,0.07910673407894245,0.3236363636363636,0.27728017873743005,0.3111111111111111,0.2981423969999719,0.2828037836526801,0.21359516924790498,0.19556951707433615,0.23693819137396854
entropy,30,5,5,log2,0.30000000000000004,0.809255898366606,0.06383825872473142,0.3036363636363636,0.30011017260745987,0.28888888888888886,0.3201080064641763,0.2617511520737327,0.2391301032262145,0.18946138695475834,0.24571273001186295
entropy,30,5,5,log2,0.4,0.8437991530550514,0.03436155347019509,0.4033333333333333,0.3720065710291807,0.17777777777777776,0.16850834320114555,0.2446886446886447,0.22827596663924518,0.19908460415527157,0.2576059792272063
entropy,30,5,5,log2,0.5,0.843859649122807,0.031713155832366204,0.6333333333333333,0.41499665326629104,0.13333333333333333,0.12171612389003691,0.20093240093240095,0.18449114041093612,0.18588666305124804,0.22761444284907023
entropy,30,5,5,log2,0.6,0.8507562008469449,0.01482554855142559,0.9,0.22360679774997896,0.08888888888888888,0.12171612389003691,0.13426573426573427,0.18491181964798223,0.13991815396742477,0.20201566378984348
entropy,30,5,5,log2,0.7000000000000001,0.854204476709014,0.015104342920443296,0.9333333333333332,0.14907119849998599,0.08888888888888888,0.12171612389003691,0.1393939393939394,0.1911734581283334,0.15406415457237127,0.2145447829735951
entropy,30,5,5,log2,0.8,0.854204476709014,0.015104342920443296,0.9333333333333332,0.14907119849998599,0.08888888888888888,0.12171612389003691,0.1393939393939394,0.1911734581283334,0.15406415457237127,0.2145447829735951
entropy,30,5,5,log2,0.9,0.8507562008469449,0.01482554855142559,1.0,0.0,0.04444444444444444,0.09938079899999064,0.07272727272727272,0.16262312563634834,0.08807710121010884,0.19694638556693236
entropy,30,5,5,sqrt,0.1,0.7847549909255898,0.019114507820190904,0.40353715170278637,0.024896440561620225,0.7777777777777778,0.0785674201318386,0.5300371352785146,0.028475993866931826,0.44671947352017594,0.041623632922076916
entropy,30,5,5,sqrt,0.2,0.8227465214761039,0.05166351789577821,0.47977775320654575,0.12347241452859702,0.7777777777777778,0.0785674201318386,0.58569426911761,0.08664664531401846,0.5116192140959366,0.10332929720982582
entropy,30,5,5,sqrt,0.30000000000000004,0.8434361766485179,0.06455974993596889,0.5284415584415585,0.18176390655581054,0.6444444444444445,0.12171612389003693,0.5728927177278234,0.14351617886269805,0.4885632309562936,0.17686696811715613
entropy,30,5,5,sqrt,0.4,0.8503327283726557,0.06655646670448657,0.5389971139971139,0.2069895537613441,0.5777777777777777,0.18257418583505536,0.5516680875248651,0.18594284612972156,0.46728668796121486,0.22230293852020547
entropy,30,5,5,sqrt,0.5,0.8713248638838476,0.04900256174137506,0.5860750360750361,0.1694742841743985,0.5555555555555556,0.20786985482077452,0.5667320261437909,0.1860995839016558,0.49426871874928546,0.21152849416743535
entropy,30,5,5,sqrt,0.6,0.8540834845735027,0.03624757083023623,0.5305194805194805,0.1323943011228558,0.4444444444444445,0.20786985482077452,0.47271493212669685,0.17095132138203217,0.39871748125716827,0.1800569950733048
entropy,30,5,5,sqrt,0.7000000000000001,0.8575922565033272,0.025895567752242846,0.7619047619047619,0.24281045302822787,0.24444444444444446,0.21372648957412607,0.30666666666666664,0.23029268816491377,0.2979549122731062,0.20331211330114446
entropy,30,5,5,sqrt,0.8,0.8575922565033272,0.025895567752242846,0.7619047619047619,0.24281045302822787,0.24444444444444446,0.21372648957412607,0.30666666666666664,0.23029268816491377,0.2979549122731062,0.20331211330114446
entropy,30,5,5,sqrt,0.9,0.8541439806412583,0.009844329392284572,0.9333333333333332,0.14907119849998599,0.08888888888888888,0.09296222517045283,0.14666666666666667,0.14452988925785865,0.18939635567858204,0.17308345737027392
entropy,30,10,2,log2,0.1,0.635329703569268,0.1687793670903717,0.30905589170981224,0.08182808750736262,0.8444444444444444,0.1685083432011456,0.43777708006279437,0.06949400291661346,0.3476202475584349,0.06863855749053858
entropy,30,10,2,log2,0.2,0.7500907441016335,0.039102179876303815,0.321231884057971,0.11376453885265421,0.6444444444444445,0.31817380140614115,0.4204991087344029,0.169426519085386,0.32089275435850306,0.2002324418116027
entropy,30,10,2,log2,0.30000000000000004,0.8298850574712644,0.022232407784412395,0.44666666666666666,0.0767390962214756,0.5333333333333333,0.24088314876309777,0.4671679197994987,0.17074687849850045,0.3836782107545274,0.1554174997809516
entropy,30,10,2,log2,0.4,0.843859649122807,0.03196102359351688,0.5333333333333333,0.2738612787525831,0.37777777777777777,0.23040490392586355,0.40621553884711775,0.17844641449103352,0.3492023520069844,0.1955527400236676
entropy,30,10,2,log2,0.5,0.8611615245009074,0.024256018883164542,0.8,0.27386127875258304,0.24444444444444446,0.21372648957412607,0.31435406698564594,0.22260119569286613,0.31977933201867337,0.22384072755283618
entropy,30,10,2,log2,0.6,0.8646098003629763,0.02251660878741885,0.8333333333333333,0.23570226039551584,0.2,0.18257418583505536,0.283030303030303,0.22747062091454143,0.3024330012855951,0.2217920512050024
entropy,30,10,2,log2,0.7000000000000001,0.8646098003629763,0.02251660878741885,0.85,0.22360679774997896,0.17777777777777776,0.14907119849998596,0.2686713286713287,0.20925713158030826,0.29588485915970886,0.21564183619196925
entropy,30,10,2,log2,0.8,0.8646098003629763,0.02251660878741885,0.85,0.22360679774997896,0.17777777777777776,0.14907119849998596,0.2686713286713287,0.20925713158030826,0.29588485915970886,0.21564183619196925
entropy,30,10,2,log2,0.9,0.8541439806412583,0.009844329392284565,0.9,0.22360679774997896,0.08888888888888888,0.049690399499995326,0.15636363636363637,0.08776377008107034,0.2211256823441809,0.1358270706048066
entropy,30,10,2,sqrt,0.1,0.8505747126436782,0.0770936286354399,0.537536075036075,0.17870802874337843,0.711111111111111,0.18592445034090566,0.6063630089717046,0.16997408707957187,0.5294385842309165,0.2146913814673819
entropy,30,10,2,sqrt,0.2,0.8750756200846945,0.04305061450306362,0.5841269841269842,0.12468150404225703,0.6888888888888889,0.21372648957412604,0.625743813925265,0.14545639250140335,0.5592056882826075,0.17648194320814584
entropy,30,10,2,sqrt,0.30000000000000004,0.8819721718088325,0.04809171044305489,0.6252525252525253,0.1416124151149262,0.6444444444444445,0.18257418583505536,0.6274853801169591,0.1480722078886406,0.562631827213125,0.1739069025337753
entropy,30,10,2,sqrt,0.4,0.8888687235329703,0.04016137063828183,0.6454545454545455,0.1160737480581484,0.6444444444444445,0.18257418583505536,0.6385964912280702,0.13784557352642723,0.5774147849000802,0.15914189034522516
entropy,30,10,2,sqrt,0.5,0.8888687235329703,0.04016137063828183,0.6454545454545455,0.1160737480581484,0.6444444444444445,0.18257418583505536,0.6385964912280702,0.13784557352642723,0.5774147849000802,0.15914189034522516
entropy,30,10,2,sqrt,0.6,0.8888687235329703,0.04016137063828183,0.6621212121212121,0.12548243805805567,0.6222222222222222,0.21659542988464361,0.6242375168690958,0.15430806954571777,0.570866642774194,0.1647342657251876
entropy,30,10,2,sqrt,0.7000000000000001,0.8993950393224439,0.030599590418052946,0.7494227994227994,0.15976468266052926,0.5777777777777777,0.19876159799998128,0.6312759462759463,0.13223294472977218,0.5945005326219689,0.14183941008740514
entropy,30,10,2,sqrt,0.8,0.8993950393224439,0.030599590418052946,0.7494227994227994,0.15976468266052926,0.5777777777777777,0.19876159799998128,0.6312759462759463,0.13223294472977218,0.5945005326219689,0.14183941008740514
entropy,30,10,2,sqrt,0.9,0.8993950393224439,0.030599590418052946,0.8383116883116883,0.1481530185883817,0.48888888888888893,0.2897423291201177,0.5601648351648352,0.23713056547802325,0.5615274621194714,0.18839870459696134
entropy,30,10,5,log2,0.1,0.4267392619479734,0.19557294311843987,0.2198839526792599,0.07973084885073842,0.9111111111111111,0.09296222517045283,0.34892213812122275,0.0992303012154806,0.1952912515815119,0.19274227196873797
entropy,30,10,5,log2,0.2,0.7920145190562613,0.07910673407894245,0.3236363636363636,0.27728017873743005,0.3111111111111111,0.2981423969999719,0.2828037836526801,0.21359516924790498,0.19556951707433615,0.23693819137396854
entropy,30,10,5,log2,0.30000000000000004,0.809255898366606,0.06383825872473142,0.3036363636363636,0.30011017260745987,0.28888888888888886,0.3201080064641763,0.2617511520737327,0.2391301032262145,0.18946138695475834,0.24571273001186295
entropy,30,10,5,log2,0.4,0.8437991530550514,0.03436155347019509,0.4033333333333333,0.3720065710291807,0.17777777777777776,0.16850834320114555,0.2446886446886447,0.22827596663924518,0.19908460415527157,0.2576059792272063
entropy,30,10,5,log2,0.5,0.843859649122807,0.031713155832366204,0.6333333333333333,0.41499665326629104,0.13333333333333333,0.12171612389003691,0.20093240093240095,0.18449114041093612,0.18588666305124804,0.22761444284907023
entropy,30,10,5,log2,0.6,0.8507562008469449,0.01482554855142559,0.9,0.22360679774997896,0.08888888888888888,0.12171612389003691,0.13426573426573427,0.18491181964798223,0.13991815396742477,0.20201566378984348
entropy,30,10,5,log2,0.7000000000000001,0.854204476709014,0.015104342920443296,0.9333333333333332,0.14907119849998599,0.08888888888888888,0.12171612389003691,0.1393939393939394,0.1911734581283334,0.15406415457237127,0.2145447829735951
entropy,30,10,5,log2,0.8,0.854204476709014,0.015104342920443296,0.9333333333333332,0.14907119849998599,0.08888888888888888,0.12171612389003691,0.1393939393939394,0.1911734581283334,0.15406415457237127,0.2145447829735951
entropy,30,10,5,log2,0.9,0.8507562008469449,0.01482554855142559,1.0,0.0,0.04444444444444444,0.09938079899999064,0.07272727272727272,0.16262312563634834,0.08807710121010884,0.19694638556693236
entropy,30,10,5,sqrt,0.1,0.7847549909255898,0.019114507820190904,0.40353715170278637,0.024896440561620225,0.7777777777777778,0.0785674201318386,0.5300371352785146,0.028475993866931826,0.44671947352017594,0.041623632922076916
entropy,30,10,5,sqrt,0.2,0.8227465214761039,0.05166351789577821,0.47977775320654575,0.12347241452859702,0.7777777777777778,0.0785674201318386,0.58569426911761,0.08664664531401846,0.5116192140959366,0.10332929720982582
entropy,30,10,5,sqrt,0.30000000000000004,0.8434361766485179,0.06455974993596889,0.5284415584415585,0.18176390655581054,0.6444444444444445,0.12171612389003693,0.5728927177278234,0.14351617886269805,0.4885632309562936,0.17686696811715613
entropy,30,10,5,sqrt,0.4,0.8503327283726557,0.06655646670448657,0.5389971139971139,0.2069895537613441,0.5777777777777777,0.18257418583505536,0.5516680875248651,0.18594284612972156,0.46728668796121486,0.22230293852020547
entropy,30,10,5,sqrt,0.5,0.8713248638838476,0.04900256174137506,0.5860750360750361,0.1694742841743985,0.5555555555555556,0.20786985482077452,0.5667320261437909,0.1860995839016558,0.49426871874928546,0.21152849416743535
entropy,30,10,5,sqrt,0.6,0.8540834845735027,0.03624757083023623,0.5305194805194805,0.1323943011228558,0.4444444444444445,0.20786985482077452,0.47271493212669685,0.17095132138203217,0.39871748125716827,0.1800569950733048
entropy,30,10,5,sqrt,0.7000000000000001,0.8575922565033272,0.025895567752242846,0.7619047619047619,0.24281045302822787,0.24444444444444446,0.21372648957412607,0.30666666666666664,0.23029268816491377,0.2979549122731062,0.20331211330114446
entropy,30,10,5,sqrt,0.8,0.8575922565033272,0.025895567752242846,0.7619047619047619,0.24281045302822787,0.24444444444444446,0.21372648957412607,0.30666666666666664,0.23029268816491377,0.2979549122731062,0.20331211330114446
entropy,30,10,5,sqrt,0.9,0.8541439806412583,0.009844329392284572,0.9333333333333332,0.14907119849998599,0.08888888888888888,0.09296222517045283,0.14666666666666667,0.14452988925785865,0.18939635567858204,0.17308345737027392
gini,10,5,2,log2,0.1,0.7357531760435572,0.09213508418308215,0.3526751207729469,0.06795666448449893,0.7555555555555555,0.3083208205669246,0.45750155748683924,0.1267743132470816,0.38159290480222197,0.14442450431898946
gini,10,5,2,log2,0.2,0.8021778584392015,0.04643984492940835,0.5107843137254902,0.27864014542427434,0.5777777777777777,0.380058475033046,0.42330680813439436,0.18119152651576928,0.38304524019657066,0.1540327601471142
gini,10,5,2,log2,0.30000000000000004,0.8437386569872958,0.03459110984574149,0.5977591036414566,0.263458743073294,0.5333333333333333,0.3634539385288028,0.46448717948717955,0.2123622266761892,0.43356962707367075,0.18557894075120454
gini,10,5,2,log2,0.4,0.854204476709014,0.031081234707357564,0.6466666666666667,0.25991451586157244,0.3555555555555555,0.21372648957412604,0.4076190476190476,0.17108431041402147,0.3770320289946736,0.14966475312772487
gini,10,5,2,log2,0.5,0.8679975801572898,0.020121877912315924,0.78,0.2280350850198276,0.3555555555555555,0.21372648957412604,0.427012987012987,0.15593720166100647,0.4317946078792243,0.09305611806337462
gini,10,5,2,log2,0.6,0.8680580762250454,0.019631416749528015,0.8099999999999999,0.2073644135332772,0.22222222222222224,0.15713484026367722,0.322957042957043,0.18103864020290727,0.35815080494485063,0.14143180571443167
gini,10,5,2,log2,0.7000000000000001,0.868118572292801,0.019265172007176194,0.85,0.22360679774997896,0.2,0.12171612389003691,0.3086713286713287,0.15786517744609033,0.3578214932550082,0.1407019720135531
gini,10,5,2,log2,0.8,0.868118572292801,0.019265172007176194,0.85,0.22360679774997896,0.2,0.12171612389003691,0.3086713286713287,0.15786517744609033,0.3578214932550082,0.1407019720135531
gini,10,5,2,log2,0.9,0.868118572292801,0.019265172007176194,0.85,0.22360679774997896,0.2,0.12171612389003691,0.3086713286713287,0.15786517744609033,0.3578214932550082,0.1407019720135531
gini,10,5,2,sqrt,0.1,0.8851784633998789,0.0460374678142464,0.5989861119272885,0.10807646961854953,0.9111111111111111,0.049690399499995354,0.7191770548292288,0.08720367395578453,0.6769603928063666,0.10068703211745093
gini,10,5,2,sqrt,0.2,0.9131881427707199,0.03456888449444559,0.6806526806526807,0.10553855997636194,0.888888888888889,0.0,0.7672089314194578,0.06975603247829419,0.7279425957891617,0.07788799033151787
gini,10,5,2,sqrt,0.30000000000000004,0.9200846944948579,0.023483074299352147,0.6970629370629371,0.08025583816695628,0.888888888888889,0.0,0.7793301435406699,0.0505350144752211,0.7412028048516068,0.05712911638388852
gini,10,5,2,sqrt,0.4,0.9306110102843315,0.02093854464744173,0.733986013986014,0.07561765813304935,0.888888888888889,0.0,0.8022966507177033,0.046927043234532145,0.7672607301876175,0.052910724380175904
gini,10,5,2,sqrt,0.5,0.9235934664246823,0.026428197249335234,0.7313886113886114,0.07612723227372181,0.8222222222222222,0.14907119849998596,0.7672966507177034,0.09234773589284521,0.7287304259636104,0.10284746790768104
gini,10,5,2,sqrt,0.6,0.9375075620084694,0.043636707307216846,0.8216450216450216,0.1643711029511938,0.7777777777777778,0.1571348402636772,0.7948039215686274,0.14843295904039863,0.7614500532759998,0.17296601307064488
gini,10,5,2,sqrt,0.7000000000000001,0.9375075620084694,0.043636707307216846,0.8216450216450216,0.1643711029511938,0.7777777777777778,0.1571348402636772,0.7948039215686274,0.14843295904039863,0.7614500532759998,0.17296601307064488
gini,10,5,2,sqrt,0.8,0.9375075620084694,0.043636707307216846,0.8216450216450216,0.1643711029511938,0.7777777777777778,0.1571348402636772,0.7948039215686274,0.14843295904039863,0.7614500532759998,0.17296601307064488
gini,10,5,2,sqrt,0.9,0.9375075620084694,0.043636707307216846,0.8216450216450216,0.1643711029511938,0.7777777777777778,0.1571348402636772,0.7948039215686274,0.14843295904039863,0.7614500532759998,0.17296601307064488
gini,10,5,5,log2,0.1,0.5129461584996975,0.20709969755355526,0.24458983503220105,0.08202132458331311,0.8444444444444444,0.12668615834434868,0.371680758810878,0.09824930430147297,0.22157398414881505,0.1954590675565667
gini,10,5,5,log2,0.2,0.7609800362976407,0.07508869555377254,0.2636363636363636,0.2311487660925658,0.37777777777777777,0.3388433484883757,0.27984811862804954,0.21116220135291144,0.17813707415782307,0.22301758635918922
gini,10,5,5,log2,0.30000000000000004,0.7747731397459166,0.07394441068150731,0.23626794258373204,0.25068857349312207,0.33333333333333337,0.3424674446093876,0.2474654377880184,0.2285732867473154,0.15562488433711424,0.22406545190044838
gini,10,5,5,log2,0.4,0.8403508771929825,0.03290396641280456,0.4833333333333333,0.45795438880113626,0.11111111111111112,0.15713484026367722,0.158974358974359,0.22235367578132104,0.12361406122995758,0.24739619453817252
gini,10,5,5,log2,0.5,0.843859649122807,0.031713155832366204,0.7333333333333333,0.4346134936801766,0.08888888888888888,0.12171612389003691,0.1393939393939394,0.1911734581283334,0.1340456102939321,0.23610066650984798
gini,10,5,5,log2,0.6,0.8507562008469449,0.01482554855142559,1.0,0.0,0.04444444444444444,0.09938079899999064,0.07272727272727272,0.16262312563634834,0.08807710121010884,0.19694638556693236
gini,10,5,5,log2,0.7000000000000001,0.8507562008469449,0.01482554855142559,1.0,0.0,0.04444444444444444,0.09938079899999064,0.07272727272727272,0.16262312563634834,0.08807710121010884,0.19694638556693236
gini,10,5,5,log2,0.8,0.8507562008469449,0.01482554855142559,1.0,0.0,0.04444444444444444,0.09938079899999064,0.07272727272727272,0.16262312563634834,0.08807710121010884,0.19694638556693236
gini,10,5,5,log2,0.9,0.8507562008469449,0.01482554855142559,1.0,0.0,0.04444444444444444,0.09938079899999064,0.07272727272727272,0.16262312563634834,0.08807710121010884,0.19694638556693236
gini,10,5,5,sqrt,0.1,0.7882032667876588,0.04928499208308376,0.42204524886877826,0.06797065717867252,0.8222222222222222,0.12668615834434865,0.5511922154924183,0.05126293733257569,0.4805202550677007,0.06282644894865459
gini,10,5,5,sqrt,0.2,0.7951603145795524,0.04448178818834547,0.4321581359816654,0.06626845229711971,0.8,0.14487116456005888,0.5514758704563801,0.029345168613703447,0.47991501237579665,0.04063838160756847
gini,10,5,5,sqrt,0.30000000000000004,0.8055051421657591,0.061629580345236995,0.41702741702741697,0.1741972312246104,0.5777777777777777,0.2533723166886973,0.47619967793880835,0.18302423276835084,0.3752926867228453,0.22714175538081466
gini,10,5,5,sqrt,0.4,0.8158499697519661,0.05846382367546304,0.43177489177489176,0.17190224907980386,0.5555555555555556,0.2222222222222222,0.48152555301296723,0.18176468322007897,0.37972810646005695,0.21961156962372774
gini,10,5,5,sqrt,0.5,0.833393829401089,0.057779049746456826,0.4681385281385281,0.17311135675533165,0.5333333333333333,0.24088314876309774,0.49217772692601064,0.19281247149075012,0.3993316327083457,0.22820030110690456
gini,10,5,5,sqrt,0.6,0.833393829401089,0.057779049746456826,0.4681385281385281,0.17311135675533165,0.5333333333333333,0.24088314876309774,0.49217772692601064,0.19281247149075012,0.3993316327083457,0.22820030110690456
gini,10,5,5,sqrt,0.7000000000000001,0.8610405323653962,0.05196969620655694,0.6333333333333333,0.4149966532662911,0.3333333333333333,0.36851386559504445,0.34840579710144925,0.3587089735485632,0.3155367049214576,0.36527435407747977
gini,10,5,5,sqrt,0.8,0.8679370840895342,0.05156673247126947,0.65,0.40994579587496144,0.3333333333333333,0.36851386559504445,0.36,0.36998498468030955,0.3288909983686007,0.3764544359551636
gini,10,5,5,sqrt,0.9,0.8541439806412583,0.03787616722344196,0.7333333333333333,0.4346134936801766,0.13333333333333333,0.1987615979999813,0.18974358974358974,0.2782966882300541,0.17658543752658748,0.3008708843850612
gini,10,10,2,log2,0.1,0.7150030248033878,0.09372166716011976,0.3261576549811844,0.07471237177404563,0.7555555555555555,0.30832082056692456,0.4396991334111009,0.1267195412617349,0.35645527477166594,0.1507367675746107
gini,10,10,2,log2,0.2,0.7848759830611011,0.06361061559932533,0.3908695652173913,0.1131730027189499,0.5333333333333333,0.34605358894216526,0.39555300176496927,0.17919728906517352,0.3184480924831191,0.17492277576897874
gini,10,10,2,log2,0.30000000000000004,0.8057471264367816,0.045385861983454526,0.4107843137254902,0.11329787762104503,0.5111111111111111,0.32960882164869615,0.40967398614457434,0.19494678742900115,0.3318462883265612,0.1939566807986555
gini,10,10,2,log2,0.4,0.8472474289171205,0.02537682052802434,0.5366666666666666,0.15293426329272616,0.3333333333333333,0.20786985482077452,0.382004662004662,0.1563273700414,0.3311147922895289,0.1497056878751532
gini,10,10,2,log2,0.5,0.8645493042952207,0.014771140416249728,0.8699999999999999,0.1857417562100671,0.2,0.14487116456005886,0.29074925074925073,0.1912112652077992,0.3145309281341669,0.18459725348317058
gini,10,10,2,log2,0.6,0.8646098003629763,0.014114200646779415,0.9,0.13693063937629152,0.17777777777777776,0.14907119849998596,0.26461538461538464,0.19743922741114558,0.3021769693808667,0.18242951792227266
gini,10,10,2,log2,0.7000000000000001,0.868118572292801,0.019265172007176194,0.95,0.11180339887498948,0.17777777777777776,0.14907119849998596,0.2723076923076923,0.2075212971176608,0.3218248767779389,0.20562047464906177
gini,10,10,2,log2,0.8,0.868118572292801,0.019265172007176194,0.95,0.11180339887498948,0.17777777777777776,0.14907119849998596,0.2723076923076923,0.2075212971176608,0.3218248767779389,0.20562047464906177
gini,10,10,2,log2,0.9,0.868118572292801,0.019265172007176194,0.95,0.11180339887498948,0.17777777777777776,0.14907119849998596,0.2723076923076923,0.2075212971176608,0.3218248767779389,0.20562047464906177
gini,10,10,2,sqrt,0.1,0.860919540229885,0.05134616001418044,0.5488311688311688,0.11926717259340348,0.8,0.12171612389003691,0.6471304347826087,0.11140348845559378,0.5835207095626119,0.13738827679776033
gini,10,10,2,sqrt,0.2,0.8924984875983061,0.038992754433219826,0.6442424242424243,0.09624730924172277,0.7333333333333333,0.2434322477800738,0.667047619047619,0.15244284457355814,0.6194657989054755,0.15939814994186804
gini,10,10,2,sqrt,0.30000000000000004,0.8924984875983061,0.038992754433219826,0.6442424242424243,0.09624730924172277,0.7333333333333333,0.2434322477800738,0.667047619047619,0.15244284457355814,0.6194657989054755,0.15939814994186804
gini,10,10,2,sqrt,0.4,0.895946763460375,0.03418964585830559,0.6509090909090909,0.08415299373435046,0.7333333333333333,0.2434322477800738,0.6723809523809524,0.15172477768402007,0.6252762213082788,0.15848318459828406
gini,10,10,2,sqrt,0.5,0.8889292196007259,0.028649854461954435,0.6483116883116884,0.08136086950815827,0.6666666666666666,0.23570226039551578,0.6373809523809524,0.13408482947969408,0.5867459170842715,0.1386297619396981
gini,10,10,2,sqrt,0.6,0.8958257713248639,0.024403246916837176,0.6883116883116883,0.029992221776084474,0.6,0.2434322477800738,0.6183333333333334,0.17244161652893167,0.5749759833785915,0.15630755622774986
gini,10,10,2,sqrt,0.7000000000000001,0.902843315184513,0.028681772047732937,0.7264069264069264,0.07806624470199029,0.6,0.2434322477800738,0.635,0.18204089894550868,0.5976447655100037,0.169279985969427
gini,10,10,2,sqrt,0.8,0.8853599516031458,0.03392367906872127,0.7216450216450216,0.18008085655240363,0.4666666666666666,0.34605358894216526,0.49469696969696975,0.2848253133708849,0.48587355314490177,0.23669966804173004
gini,10,10,2,sqrt,0.9,0.8819116757410768,0.033373466046375366,0.7883116883116883,0.21327981141170024,0.37777777777777777,0.33884334848837566,0.4340909090909092,0.2709887771760519,0.4529768281395718,0.227165501554504
gini,10,10,5,log2,0.1,0.5129461584996975,0.20709969755355526,0.24458983503220105,0.08202132458331311,0.8444444444444444,0.12668615834434868,0.371680758810878,0.09824930430147297,0.22157398414881505,0.1954590675565667
gini,10,10,5,log2,0.2,0.7609800362976407,0.07508869555377254,0.2636363636363636,0.2311487660925658,0.37777777777777777,0.3388433484883757,0.27984811862804954,0.21116220135291144,0.17813707415782307,0.22301758635918922
gini,10,10,5,log2,0.30000000000000004,0.7747731397459166,0.07394441068150731,0.23626794258373204,0.25068857349312207,0.33333333333333337,0.3424674446093876,0.2474654377880184,0.2285732867473154,0.15562488433711424,0.22406545190044838
gini,10,10,5,log2,0.4,0.8403508771929825,0.03290396641280456,0.4833333333333333,0.45795438880113626,0.11111111111111112,0.15713484026367722,0.158974358974359,0.22235367578132104,0.12361406122995758,0.24739619453817252
gini,10,10,5,log2,0.5,0.843859649122807,0.031713155832366204,0.7333333333333333,0.4346134936801766,0.08888888888888888,0.12171612389003691,0.1393939393939394,0.1911734581283334,0.1340456102939321,0.23610066650984798
gini,10,10,5,log2,0.6,0.8507562008469449,0.01482554855142559,1.0,0.0,0.04444444444444444,0.09938079899999064,0.07272727272727272,0.16262312563634834,0.08807710121010884,0.19694638556693236
gini,10,10,5,log2,0.7000000000000001,0.8507562008469449,0.01482554855142559,1.0,0.0,0.04444444444444444,0.09938079899999064,0.07272727272727272,0.16262312563634834,0.08807710121010884,0.19694638556693236
gini,10,10,5,log2,0.8,0.8507562008469449,0.01482554855142559,1.0,0.0,0.04444444444444444,0.09938079899999064,0.07272727272727272,0.16262312563634834,0.08807710121010884,0.19694638556693236
gini,10,10,5,log2,0.9,0.8507562008469449,0.01482554855142559,1.0,0.0,0.04444444444444444,0.09938079899999064,0.07272727272727272,0.16262312563634834,0.08807710121010884,0.19694638556693236
gini,10,10,5,sqrt,0.1,0.7882032667876588,0.04928499208308376,0.42204524886877826,0.06797065717867252,0.8222222222222222,0.12668615834434865,0.5511922154924183,0.05126293733257569,0.4805202550677007,0.06282644894865459
gini,10,10,5,sqrt,0.2,0.7951603145795524,0.04448178818834547,0.4321581359816654,0.06626845229711971,0.8,0.14487116456005888,0.5514758704563801,0.029345168613703447,0.47991501237579665,0.04063838160756847
gini,10,10,5,sqrt,0.30000000000000004,0.8055051421657591,0.061629580345236995,0.41702741702741697,0.1741972312246104,0.5777777777777777,0.2533723166886973,0.47619967793880835,0.18302423276835084,0.3752926867228453,0.22714175538081466
gini,10,10,5,sqrt,0.4,0.8158499697519661,0.05846382367546304,0.43177489177489176,0.17190224907980386,0.5555555555555556,0.2222222222222222,0.48152555301296723,0.18176468322007897,0.37972810646005695,0.21961156962372774
gini,10,10,5,sqrt,0.5,0.833393829401089,0.057779049746456826,0.4681385281385281,0.17311135675533165,0.5333333333333333,0.24088314876309774,0.49217772692601064,0.19281247149075012,0.3993316327083457,0.22820030110690456
gini,10,10,5,sqrt,0.6,0.833393829401089,0.057779049746456826,0.4681385281385281,0.17311135675533165,0.5333333333333333,0.24088314876309774,0.49217772692601064,0.19281247149075012,0.3993316327083457,0.22820030110690456
gini,10,10,5,sqrt,0.7000000000000001,0.8610405323653962,0.05196969620655694,0.6333333333333333,0.4149966532662911,0.3333333333333333,0.36851386559504445,0.34840579710144925,0.3587089735485632,0.3155367049214576,0.36527435407747977
gini,10,10,5,sqrt,0.8,0.8679370840895342,0.05156673247126947,0.65,0.40994579587496144,0.3333333333333333,0.36851386559504445,0.36,0.36998498468030955,0.3288909983686007,0.3764544359551636
gini,10,10,5,sqrt,0.9,0.8541439806412583,0.03787616722344196,0.7333333333333333,0.4346134936801766,0.13333333333333333,0.1987615979999813,0.18974358974358974,0.2782966882300541,0.17658543752658748,0.3008708843850612
gini,20,5,2,log2,0.1,0.7638838475499092,0.05561181439744953,0.37431457431457427,0.06978519686253333,0.7333333333333333,0.18592445034090568,0.49037037037037035,0.09720370193969924,0.3974893562647904,0.13101830772034112
gini,20,5,2,log2,0.2,0.8057471264367816,0.04383794861286874,0.4314913844325609,0.08503419080572233,0.711111111111111,0.18592445034090568,0.5304843304843304,0.10040785003943974,0.4446383823946388,0.13023335884953346
gini,20,5,2,log2,0.30000000000000004,0.8506352087114337,0.03811996393618384,0.5528817587641117,0.16125395213992177,0.6888888888888889,0.19876159799998128,0.5883760683760684,0.08432047372631078,0.5236748371784324,0.10975459608007733
gini,20,5,2,log2,0.4,0.8575922565033274,0.03341374223273683,0.5755555555555556,0.15464016375739387,0.5111111111111111,0.12668615834434868,0.527485380116959,0.09744686929074722,0.45475696122195314,0.11538268955298481
gini,20,5,2,log2,0.5,0.8748941318814276,0.031490367917190266,0.6766666666666666,0.16397831834998458,0.5111111111111111,0.12668615834434868,0.559475612107191,0.07494485964570423,0.5097055123108059,0.08353207168278715
gini,20,5,2,log2,0.6,0.8784633998790079,0.02738190632085428,0.780952380952381,0.2353412151076489,0.3333333333333333,0.17568209223157663,0.4424242424242424,0.18099561404870246,0.4451677515716527,0.17110926006351815
gini,20,5,2,log2,0.7000000000000001,0.8715668481548698,0.019453742622508242,0.85,0.22360679774997896,0.22222222222222224,0.1111111111111111,0.3413986013986014,0.1462378050411653,0.38420169362745915,0.14163549449454294
gini,20,5,2,log2,0.8,0.8715668481548698,0.019453742622508242,0.85,0.22360679774997896,0.22222222222222224,0.1111111111111111,0.3413986013986014,0.1462378050411653,0.38420169362745915,0.14163549449454294
gini,20,5,2,log2,0.9,0.8680580762250454,0.015387005664912712,0.85,0.22360679774997896,0.2,0.09296222517045283,0.3141258741258741,0.11954401768762017,0.36341258404720456,0.11789479055248783
gini,20,5,2,sqrt,0.1,0.8679370840895342,0.06287612463014519,0.5650793650793651,0.1652814696895152,0.8,0.21372648957412607,0.6553982056590753,0.16457313407182322,0.596131391024111,0.20619521962226894
gini,20,5,2,sqrt,0.2,0.8854204476709014,0.04362821472782725,0.6152958152958152,0.12985549861464926,0.7777777777777778,0.19245008972987523,0.6768036373969878,0.13191634461198018,0.6231860260166594,0.15343761987022608
gini,20,5,2,sqrt,0.30000000000000004,0.8923169993950394,0.03796519889270654,0.6295815295815296,0.11732498026672848,0.7777777777777778,0.19245008972987523,0.6879340721795965,0.1303735159206476,0.6353206935886744,0.15233691571905558
gini,20,5,2,sqrt,0.4,0.9026618269812463,0.047271396631755516,0.6929181929181929,0.19968036853734342,0.7333333333333333,0.23040490392586352,0.6951405357927097,0.1784089515682402,0.6508063596290737,0.20138324696886256
gini,20,5,2,sqrt,0.5,0.9026618269812463,0.047271396631755516,0.6929181929181929,0.19968036853734342,0.7333333333333333,0.23040490392586352,0.6951405357927097,0.1784089515682402,0.6508063596290737,0.20138324696886256
gini,20,5,2,sqrt,0.6,0.9165154264972777,0.04006694346868368,0.7543434343434343,0.15259280061560676,0.6888888888888889,0.21372648957412602,0.7096031746031747,0.1739237321375524,0.6692757355555651,0.18822888505782462
gini,20,5,2,sqrt,0.7000000000000001,0.8992740471869329,0.03129758087053317,0.7543434343434343,0.15259280061560676,0.5777777777777777,0.2876039801232174,0.6073304473304473,0.2006465979793884,0.5845771120762301,0.17312297643006483
gini,20,5,2,sqrt,0.8,0.8992740471869329,0.03129758087053317,0.7543434343434343,0.15259280061560676,0.5777777777777777,0.2876039801232174,0.6073304473304473,0.2006465979793884,0.5845771120762301,0.17312297643006483
gini,20,5,2,sqrt,0.9,0.8992740471869329,0.03129758087053317,0.7676767676767676,0.13794444731058247,0.5555555555555556,0.31426968052735443,0.5882828282828283,0.22491209497098716,0.5751583859879343,0.1879558147295754
gini,20,5,5,log2,0.1,0.5129461584996975,0.20709969755355526,0.24458983503220105,0.08202132458331311,0.8444444444444444,0.12668615834434868,0.371680758810878,0.09824930430147297,0.22157398414881505,0.1954590675565667
gini,20,5,5,log2,0.2,0.7609800362976407,0.07508869555377254,0.2636363636363636,0.2311487660925658,0.37777777777777777,0.3388433484883757,0.27984811862804954,0.21116220135291144,0.17813707415782307,0.22301758635918922
gini,20,5,5,log2,0.30000000000000004,0.7747731397459166,0.07394441068150731,0.23626794258373204,0.25068857349312207,0.33333333333333337,0.3424674446093876,0.2474654377880184,0.2285732867473154,0.15562488433711424,0.22406545190044838
gini,20,5,5,log2,0.4,0.8403508771929825,0.03290396641280456,0.4833333333333333,0.45795438880113626,0.11111111111111112,0.15713484026367722,0.158974358974359,0.22235367578132104,0.12361406122995758,0.24739619453817252
gini,20,5,5,log2,0.5,0.843859649122807,0.031713155832366204,0.7333333333333333,0.4346134936801766,0.08888888888888888,0.12171612389003691,0.1393939393939394,0.1911734581283334,0.1340456102939321,0.23610066650984798
gini,20,5,5,log2,0.6,0.8507562008469449,0.01482554855142559,1.0,0.0,0.04444444444444444,0.09938079899999064,0.07272727272727272,0.16262312563634834,0.08807710121010884,0.19694638556693236
gini,20,5,5,log2,0.7000000000000001,0.8507562008469449,0.01482554855142559,1.0,0.0,0.04444444444444444,0.09938079899999064,0.07272727272727272,0.16262312563634834,0.08807710121010884,0.19694638556693236
gini,20,5,5,log2,0.8,0.8507562008469449,0.01482554855142559,1.0,0.0,0.04444444444444444,0.09938079899999064,0.07272727272727272,0.16262312563634834,0.08807710121010884,0.19694638556693236
gini,20,5,5,log2,0.9,0.8507562008469449,0.01482554855142559,1.0,0.0,0.04444444444444444,0.09938079899999064,0.07272727272727272,0.16262312563634834,0.08807710121010884,0.19694638556693236
gini,20,5,5,sqrt,0.1,0.7950998185117968,0.03952528075400696,0.42372945939509404,0.06612828373437264,0.7777777777777778,0.07856742013183862,0.5453098625512418,0.0558676997150164,0.46426052123043043,0.06918465229422688
gini,20,5,5,sqrt,0.2,0.829643073200242,0.05733793876994378,0.49715813598166536,0.1273903868933406,0.7555555555555555,0.09296222517045283,0.5897533824181027,0.08723975688530916,0.5152599460725119,0.1027871351133008
gini,20,5,5,sqrt,0.30000000000000004,0.8434361766485179,0.057237800710939854,0.5206637806637806,0.15200848702695902,0.6888888888888889,0.16480441082434807,0.5835680989914399,0.130383859002107,0.5055374632546773,0.1606387499704534
gini,20,5,5,sqrt,0.4,0.8537810042347248,0.05958156332794471,0.5473304473304473,0.17134358575759234,0.6666666666666666,0.13608276348795434,0.5949758454106281,0.14328603398551576,0.5158181852054152,0.1756849597207374
gini,20,5,5,sqrt,0.5,0.8713248638838476,0.04250553771181939,0.5836940836940837,0.13881906379959374,0.6444444444444445,0.18257418583505536,0.6056280193236715,0.14713227388581424,0.535421711453704,0.16745664336693492
gini,20,5,5,sqrt,0.6,0.8540834845735027,0.0268208141197581,0.5281385281385281,0.08801569528721839,0.5333333333333333,0.24088314876309774,0.5116109253065775,0.15931549137452508,0.43987047396158685,0.15983896110252463
gini,20,5,5,sqrt,0.7000000000000001,0.8713853599516032,0.04387289367580692,0.8333333333333333,0.23570226039551587,0.3555555555555555,0.34605358894216526,0.3884057971014493,0.31911055763499724,0.3935466923325074,0.29414294269877533
gini,20,5,5,sqrt,0.8,0.8782819116757411,0.04128862164248651,0.85,0.20749832663314555,0.3555555555555555,0.34605358894216526,0.4,0.3299831645537222,0.4069009857796505,0.3036580950408824
gini,20,5,5,sqrt,0.9,0.8644888082274653,0.02892999508363065,0.9333333333333332,0.14907119849998599,0.15555555555555553,0.18592445034090568,0.22974358974358972,0.25782685605936584,0.25459542493763737,0.26592663013316653
gini,20,10,2,log2,0.1,0.7534180278281911,0.07193259745639385,0.36608140905623743,0.08140809310383311,0.711111111111111,0.16850834320114555,0.4762749615975423,0.09643444555631518,0.37642537418511113,0.12764097734220659
gini,20,10,2,log2,0.2,0.7813067150635209,0.04458482212899544,0.39027113237639555,0.06272303696458348,0.6888888888888889,0.16480441082434807,0.4937110016420361,0.08555751979241549,0.3967905490097008,0.11250426189992754
gini,20,10,2,log2,0.30000000000000004,0.8335148215366001,0.030351908755798223,0.47494949494949495,0.08610303881118929,0.6444444444444445,0.19876159799998128,0.5398713450292398,0.11067436787249925,0.4548815798620868,0.1366480369343853
gini,20,10,2,log2,0.4,0.8473684210526315,0.021386023087750297,0.5433333333333333,0.12287703378621558,0.5111111111111111,0.1685083432011456,0.5030920060331825,0.06207620979089672,0.4299588504087759,0.06749791829012795
gini,20,10,2,log2,0.5,0.8715668481548698,0.01931805312629425,0.7492857142857143,0.16771270381342065,0.3555555555555555,0.21372648957412604,0.424240465416936,0.24272889325540248,0.38732647400678755,0.2221693008280209
gini,20,10,2,log2,0.6,0.8715668481548698,0.019453742622508242,0.8476190476190476,0.21135562877306807,0.28888888888888886,0.18592445034090566,0.3793939393939394,0.22191047922465343,0.3778987217705899,0.2162394858486405
gini,20,10,2,log2,0.7000000000000001,0.8715668481548698,0.019453742622508242,0.9333333333333332,0.14907119849998599,0.22222222222222224,0.17568209223157663,0.3193939393939394,0.22170555179969276,0.3547532192762761,0.21622015345113496
gini,20,10,2,log2,0.8,0.8715668481548698,0.019453742622508242,0.95,0.11180339887498948,0.2,0.14487116456005886,0.305034965034965,0.2061658961665071,0.3482050771503899,0.21193712005121912
gini,20,10,2,log2,0.9,0.8680580762250454,0.015387005664912712,0.95,0.11180339887498948,0.17777777777777776,0.12668615834434865,0.2777622377622378,0.1814671166928156,0.32741596757013525,0.19205485462012062
gini,20,10,2,sqrt,0.1,0.8506352087114337,0.04233773983668554,0.52057119351237,0.08548530265016147,0.8,0.12171612389003691,0.6276619033140772,0.08910452765919767,0.5619344014138841,0.11270600207810588
gini,20,10,2,sqrt,0.2,0.8787053841500303,0.037948928221566126,0.6172922502334266,0.11414684018871817,0.711111111111111,0.23040490392586352,0.6368105324627064,0.13043014038363032,0.5854153659923047,0.13316204774307014
gini,20,10,2,sqrt,0.30000000000000004,0.8890502117362372,0.044618874670611,0.6484610814022579,0.11963773716348527,0.711111111111111,0.23040490392586352,0.6576800976800976,0.14919689663888344,0.608598923643213,0.15516307437094062
gini,20,10,2,sqrt,0.4,0.8924984875983061,0.038992754433219826,0.6543434343434343,0.10895146343933569,0.711111111111111,0.23040490392586352,0.6626031746031746,0.14785241836550422,0.6139732379317424,0.15355717106517686
gini,20,10,2,sqrt,0.5,0.8924984875983061,0.038992754433219826,0.6543434343434343,0.10895146343933569,0.711111111111111,0.23040490392586352,0.6626031746031746,0.14785241836550422,0.6139732379317424,0.15355717106517686
gini,20,10,2,sqrt,0.6,0.902843315184513,0.02868177204773294,0.7010101010101011,0.050302624638338345,0.6444444444444445,0.2533723166886973,0.6488888888888888,0.186851760085137,0.6080137266288658,0.17191483643777283
gini,20,10,2,sqrt,0.7000000000000001,0.9098608590441621,0.03044100574811643,0.739105339105339,0.08072042246152263,0.6444444444444445,0.2533723166886973,0.6655555555555555,0.19246612656917897,0.6306825087602779,0.1786226721155784
gini,20,10,2,sqrt,0.8,0.892377495462795,0.03951648341619523,0.7343434343434343,0.18166379528372198,0.5111111111111111,0.37350525142159136,0.5252525252525253,0.30943072361527013,0.5189112963951761,0.26174176154597584
gini,20,10,2,sqrt,0.9,0.8889292196007259,0.03981231924579375,0.8010101010101011,0.2096294241265929,0.4222222222222222,0.38005847503304596,0.4646464646464647,0.3044445114717105,0.48601457138984605,0.2584632776022293
gini,20,10,5,log2,0.1,0.5129461584996975,0.20709969755355526,0.24458983503220105,0.08202132458331311,0.8444444444444444,0.12668615834434868,0.371680758810878,0.09824930430147297,0.22157398414881505,0.1954590675565667
gini,20,10,5,log2,0.2,0.7609800362976407,0.07508869555377254,0.2636363636363636,0.2311487660925658,0.37777777777777777,0.3388433484883757,0.27984811862804954,0.21116220135291144,0.17813707415782307,0.22301758635918922
gini,20,10,5,log2,0.30000000000000004,0.7747731397459166,0.07394441068150731,0.23626794258373204,0.25068857349312207,0.33333333333333337,0.3424674446093876,0.2474654377880184,0.2285732867473154,0.15562488433711424,0.22406545190044838
gini,20,10,5,log2,0.4,0.8403508771929825,0.03290396641280456,0.4833333333333333,0.45795438880113626,0.11111111111111112,0.15713484026367722,0.158974358974359,0.22235367578132104,0.12361406122995758,0.24739619453817252
gini,20,10,5,log2,0.5,0.843859649122807,0.031713155832366204,0.7333333333333333,0.4346134936801766,0.08888888888888888,0.12171612389003691,0.1393939393939394,0.1911734581283334,0.1340456102939321,0.23610066650984798
gini,20,10,5,log2,0.6,0.8507562008469449,0.01482554855142559,1.0,0.0,0.04444444444444444,0.09938079899999064,0.07272727272727272,0.16262312563634834,0.08807710121010884,0.19694638556693236
gini,20,10,5,log2,0.7000000000000001,0.8507562008469449,0.01482554855142559,1.0,0.0,0.04444444444444444,0.09938079899999064,0.07272727272727272,0.16262312563634834,0.08807710121010884,0.19694638556693236
gini,20,10,5,log2,0.8,0.8507562008469449,0.01482554855142559,1.0,0.0,0.04444444444444444,0.09938079899999064,0.07272727272727272,0.16262312563634834,0.08807710121010884,0.19694638556693236
gini,20,10,5,log2,0.9,0.8507562008469449,0.01482554855142559,1.0,0.0,0.04444444444444444,0.09938079899999064,0.07272727272727272,0.16262312563634834,0.08807710121010884,0.19694638556693236
gini,20,10,5,sqrt,0.1,0.7950998185117968,0.03952528075400696,0.42372945939509404,0.06612828373437264,0.7777777777777778,0.07856742013183862,0.5453098625512418,0.0558676997150164,0.46426052123043043,0.06918465229422688
gini,20,10,5,sqrt,0.2,0.829643073200242,0.05733793876994378,0.49715813598166536,0.1273903868933406,0.7555555555555555,0.09296222517045283,0.5897533824181027,0.08723975688530916,0.5152599460725119,0.1027871351133008
gini,20,10,5,sqrt,0.30000000000000004,0.8434361766485179,0.057237800710939854,0.5206637806637806,0.15200848702695902,0.6888888888888889,0.16480441082434807,0.5835680989914399,0.130383859002107,0.5055374632546773,0.1606387499704534
gini,20,10,5,sqrt,0.4,0.8537810042347248,0.05958156332794471,0.5473304473304473,0.17134358575759234,0.6666666666666666,0.13608276348795434,0.5949758454106281,0.14328603398551576,0.5158181852054152,0.1756849597207374
gini,20,10,5,sqrt,0.5,0.8713248638838476,0.04250553771181939,0.5836940836940837,0.13881906379959374,0.6444444444444445,0.18257418583505536,0.6056280193236715,0.14713227388581424,0.535421711453704,0.16745664336693492
gini,20,10,5,sqrt,0.6,0.8540834845735027,0.0268208141197581,0.5281385281385281,0.08801569528721839,0.5333333333333333,0.24088314876309774,0.5116109253065775,0.15931549137452508,0.43987047396158685,0.15983896110252463
gini,20,10,5,sqrt,0.7000000000000001,0.8713853599516032,0.04387289367580692,0.8333333333333333,0.23570226039551587,0.3555555555555555,0.34605358894216526,0.3884057971014493,0.31911055763499724,0.3935466923325074,0.29414294269877533
gini,20,10,5,sqrt,0.8,0.8782819116757411,0.04128862164248651,0.85,0.20749832663314555,0.3555555555555555,0.34605358894216526,0.4,0.3299831645537222,0.4069009857796505,0.3036580950408824
gini,20,10,5,sqrt,0.9,0.8644888082274653,0.02892999508363065,0.9333333333333332,0.14907119849998599,0.15555555555555553,0.18592445034090568,0.22974358974358972,0.25782685605936584,0.25459542493763737,0.26592663013316653
gini,30,5,2,log2,0.1,0.7742286751361162,0.06620748083591146,0.4015873015873016,0.08866184154773932,0.7333333333333333,0.18592445034090568,0.5044880174291939,0.08517955728641294,0.4179718961516846,0.11477147082421178
gini,30,5,2,log2,0.2,0.8229885057471265,0.053507993922166555,0.49209744503862146,0.12375468783004491,0.711111111111111,0.18592445034090568,0.5571509971509971,0.07027329890844844,0.484904404223313,0.09136276888714423
gini,30,5,2,log2,0.30000000000000004,0.8644283121597096,0.04011965849978959,0.6239928698752228,0.17891071217254517,0.6888888888888889,0.19876159799998128,0.6137728937728937,0.034589307385826246,0.5645971466481343,0.043291536523519955
gini,30,5,2,log2,0.4,0.8713853599516032,0.03214086678854661,0.6466666666666667,0.16090024514862894,0.5111111111111111,0.12668615834434868,0.5528822055137844,0.08630437807893923,0.495679270691655,0.10095517540998444
gini,30,5,2,log2,0.5,0.8748941318814276,0.031490367917190266,0.6766666666666666,0.16397831834998458,0.5111111111111111,0.12668615834434868,0.559475612107191,0.07494485964570423,0.5097055123108059,0.08353207168278715
gini,30,5,2,log2,0.6,0.8784633998790079,0.02738190632085428,0.780952380952381,0.2353412151076489,0.3333333333333333,0.17568209223157663,0.4424242424242424,0.18099561404870246,0.4451677515716527,0.17110926006351815
gini,30,5,2,log2,0.7000000000000001,0.8715668481548698,0.019453742622508242,0.85,0.22360679774997896,0.22222222222222224,0.1111111111111111,0.3413986013986014,0.1462378050411653,0.38420169362745915,0.14163549449454294
gini,30,5,2,log2,0.8,0.8715668481548698,0.019453742622508242,0.85,0.22360679774997896,0.22222222222222224,0.1111111111111111,0.3413986013986014,0.1462378050411653,0.38420169362745915,0.14163549449454294
gini,30,5,2,log2,0.9,0.8680580762250454,0.015387005664912712,0.85,0.22360679774997896,0.2,0.09296222517045283,0.3141258741258741,0.11954401768762017,0.36341258404720456,0.11789479055248783
gini,30,5,2,sqrt,0.1,0.8679370840895342,0.06287612463014519,0.5650793650793651,0.1652814696895152,0.8,0.21372648957412607,0.6553982056590753,0.16457313407182322,0.596131391024111,0.20619521962226894
gini,30,5,2,sqrt,0.2,0.8854204476709014,0.04362821472782725,0.6152958152958152,0.12985549861464926,0.7777777777777778,0.19245008972987523,0.6768036373969878,0.13191634461198018,0.6231860260166594,0.15343761987022608
gini,30,5,2,sqrt,0.30000000000000004,0.8923169993950394,0.03796519889270654,0.6295815295815296,0.11732498026672848,0.7777777777777778,0.19245008972987523,0.6879340721795965,0.1303735159206476,0.6353206935886744,0.15233691571905558
gini,30,5,2,sqrt,0.4,0.9026618269812463,0.047271396631755516,0.6929181929181929,0.19968036853734342,0.7333333333333333,0.23040490392586352,0.6951405357927097,0.1784089515682402,0.6508063596290737,0.20138324696886256
gini,30,5,2,sqrt,0.5,0.9026618269812463,0.047271396631755516,0.6929181929181929,0.19968036853734342,0.7333333333333333,0.23040490392586352,0.6951405357927097,0.1784089515682402,0.6508063596290737,0.20138324696886256
gini,30,5,2,sqrt,0.6,0.9165154264972777,0.04006694346868368,0.7543434343434343,0.15259280061560676,0.6888888888888889,0.21372648957412602,0.7096031746031747,0.1739237321375524,0.6692757355555651,0.18822888505782462
gini,30,5,2,sqrt,0.7000000000000001,0.8992740471869329,0.03129758087053317,0.7543434343434343,0.15259280061560676,0.5777777777777777,0.2876039801232174,0.6073304473304473,0.2006465979793884,0.5845771120762301,0.17312297643006483
gini,30,5,2,sqrt,0.8,0.8992740471869329,0.03129758087053317,0.7543434343434343,0.15259280061560676,0.5777777777777777,0.2876039801232174,0.6073304473304473,0.2006465979793884,0.5845771120762301,0.17312297643006483
gini,30,5,2,sqrt,0.9,0.8992740471869329,0.03129758087053317,0.7676767676767676,0.13794444731058247,0.5555555555555556,0.31426968052735443,0.5882828282828283,0.22491209497098716,0.5751583859879343,0.1879558147295754
gini,30,5,5,log2,0.1,0.5129461584996975,0.20709969755355526,0.24458983503220105,0.08202132458331311,0.8444444444444444,0.12668615834434868,0.371680758810878,0.09824930430147297,0.22157398414881505,0.1954590675565667
gini,30,5,5,log2,0.2,0.7609800362976407,0.07508869555377254,0.2636363636363636,0.2311487660925658,0.37777777777777777,0.3388433484883757,0.27984811862804954,0.21116220135291144,0.17813707415782307,0.22301758635918922
gini,30,5,5,log2,0.30000000000000004,0.7747731397459166,0.07394441068150731,0.23626794258373204,0.25068857349312207,0.33333333333333337,0.3424674446093876,0.2474654377880184,0.2285732867473154,0.15562488433711424,0.22406545190044838
gini,30,5,5,log2,0.4,0.8403508771929825,0.03290396641280456,0.4833333333333333,0.45795438880113626,0.11111111111111112,0.15713484026367722,0.158974358974359,0.22235367578132104,0.12361406122995758,0.24739619453817252
gini,30,5,5,log2,0.5,0.843859649122807,0.031713155832366204,0.7333333333333333,0.4346134936801766,0.08888888888888888,0.12171612389003691,0.1393939393939394,0.1911734581283334,0.1340456102939321,0.23610066650984798
gini,30,5,5,log2,0.6,0.8507562008469449,0.01482554855142559,1.0,0.0,0.04444444444444444,0.09938079899999064,0.07272727272727272,0.16262312563634834,0.08807710121010884,0.19694638556693236
gini,30,5,5,log2,0.7000000000000001,0.8507562008469449,0.01482554855142559,1.0,0.0,0.04444444444444444,0.09938079899999064,0.07272727272727272,0.16262312563634834,0.08807710121010884,0.19694638556693236
gini,30,5,5,log2,0.8,0.8507562008469449,0.01482554855142559,1.0,0.0,0.04444444444444444,0.09938079899999064,0.07272727272727272,0.16262312563634834,0.08807710121010884,0.19694638556693236
gini,30,5,5,log2,0.9,0.8507562008469449,0.01482554855142559,1.0,0.0,0.04444444444444444,0.09938079899999064,0.07272727272727272,0.16262312563634834,0.08807710121010884,0.19694638556693236
gini,30,5,5,sqrt,0.1,0.7950998185117968,0.03952528075400696,0.42372945939509404,0.06612828373437264,0.7777777777777778,0.07856742013183862,0.5453098625512418,0.0558676997150164,0.46426052123043043,0.06918465229422688
gini,30,5,5,sqrt,0.2,0.829643073200242,0.05733793876994378,0.49715813598166536,0.1273903868933406,0.7555555555555555,0.09296222517045283,0.5897533824181027,0.08723975688530916,0.5152599460725119,0.1027871351133008
gini,30,5,5,sqrt,0.30000000000000004,0.8434361766485179,0.057237800710939854,0.5206637806637806,0.15200848702695902,0.6888888888888889,0.16480441082434807,0.5835680989914399,0.130383859002107,0.5055374632546773,0.1606387499704534
gini,30,5,5,sqrt,0.4,0.8537810042347248,0.05958156332794471,0.5473304473304473,0.17134358575759234,0.6666666666666666,0.13608276348795434,0.5949758454106281,0.14328603398551576,0.5158181852054152,0.1756849597207374
gini,30,5,5,sqrt,0.5,0.8713248638838476,0.04250553771181939,0.5836940836940837,0.13881906379959374,0.6444444444444445,0.18257418583505536,0.6056280193236715,0.14713227388581424,0.535421711453704,0.16745664336693492
gini,30,5,5,sqrt,0.6,0.8540834845735027,0.0268208141197581,0.5281385281385281,0.08801569528721839,0.5333333333333333,0.24088314876309774,0.5116109253065775,0.15931549137452508,0.43987047396158685,0.15983896110252463
gini,30,5,5,sqrt,0.7000000000000001,0.8713853599516032,0.04387289367580692,0.8333333333333333,0.23570226039551587,0.3555555555555555,0.34605358894216526,0.3884057971014493,0.31911055763499724,0.3935466923325074,0.29414294269877533
gini,30,5,5,sqrt,0.8,0.8782819116757411,0.04128862164248651,0.85,0.20749832663314555,0.3555555555555555,0.34605358894216526,0.4,0.3299831645537222,0.4069009857796505,0.3036580950408824
gini,30,5,5,sqrt,0.9,0.8644888082274653,0.02892999508363065,0.9333333333333332,0.14907119849998599,0.15555555555555553,0.18592445034090568,0.22974358974358972,0.25782685605936584,0.25459542493763737,0.26592663013316653
gini,30,10,2,log2,0.1,0.7499697519661221,0.06994023102202221,0.3600208029956314,0.08275251352458725,0.711111111111111,0.16850834320114555,0.4724654377880184,0.10049175515295491,0.37098210922156954,0.133313199524686
gini,30,10,2,log2,0.2,0.7847549909255898,0.046356826599188786,0.3975438596491228,0.06094566148161677,0.6888888888888889,0.16480441082434807,0.49792152795782557,0.0801392554000684,0.40281007553606607,0.10516105200868914
gini,30,10,2,log2,0.30000000000000004,0.840411373260738,0.0215012250511114,0.49111111111111116,0.0649786289653931,0.6444444444444445,0.19876159799998128,0.5487602339181287,0.09765052647380591,0.4676543691820876,0.11771772145046329
gini,30,10,2,log2,0.4,0.8473684210526315,0.021386023087750297,0.5433333333333333,0.12287703378621558,0.5111111111111111,0.1685083432011456,0.5030920060331825,0.06207620979089672,0.4299588504087759,0.06749791829012795
gini,30,10,2,log2,0.5,0.8715668481548698,0.01931805312629425,0.7492857142857143,0.16771270381342065,0.3555555555555555,0.21372648957412604,0.424240465416936,0.24272889325540248,0.38732647400678755,0.2221693008280209
gini,30,10,2,log2,0.6,0.8715668481548698,0.019453742622508242,0.8476190476190476,0.21135562877306807,0.28888888888888886,0.18592445034090566,0.3793939393939394,0.22191047922465343,0.3778987217705899,0.2162394858486405
gini,30,10,2,log2,0.7000000000000001,0.8715668481548698,0.019453742622508242,0.9333333333333332,0.14907119849998599,0.22222222222222224,0.17568209223157663,0.3193939393939394,0.22170555179969276,0.3547532192762761,0.21622015345113496
gini,30,10,2,log2,0.8,0.8715668481548698,0.019453742622508242,0.95,0.11180339887498948,0.2,0.14487116456005886,0.305034965034965,0.2061658961665071,0.3482050771503899,0.21193712005121912
gini,30,10,2,log2,0.9,0.8680580762250454,0.015387005664912712,0.95,0.11180339887498948,0.17777777777777776,0.12668615834434865,0.2777622377622378,0.1814671166928156,0.32741596757013525,0.19205485462012062
gini,30,10,2,sqrt,0.1,0.8506352087114337,0.04233773983668554,0.52057119351237,0.08548530265016147,0.8,0.12171612389003691,0.6276619033140772,0.08910452765919767,0.5619344014138841,0.11270600207810588
gini,30,10,2,sqrt,0.2,0.8787053841500303,0.037948928221566126,0.6172922502334266,0.11414684018871817,0.711111111111111,0.23040490392586352,0.6368105324627064,0.13043014038363032,0.5854153659923047,0.13316204774307014
gini,30,10,2,sqrt,0.30000000000000004,0.8890502117362372,0.044618874670611,0.6484610814022579,0.11963773716348527,0.711111111111111,0.23040490392586352,0.6576800976800976,0.14919689663888344,0.608598923643213,0.15516307437094062
gini,30,10,2,sqrt,0.4,0.8924984875983061,0.038992754433219826,0.6543434343434343,0.10895146343933569,0.711111111111111,0.23040490392586352,0.6626031746031746,0.14785241836550422,0.6139732379317424,0.15355717106517686
gini,30,10,2,sqrt,0.5,0.8924984875983061,0.038992754433219826,0.6543434343434343,0.10895146343933569,0.711111111111111,0.23040490392586352,0.6626031746031746,0.14785241836550422,0.6139732379317424,0.15355717106517686
gini,30,10,2,sqrt,0.6,0.902843315184513,0.02868177204773294,0.7010101010101011,0.050302624638338345,0.6444444444444445,0.2533723166886973,0.6488888888888888,0.186851760085137,0.6080137266288658,0.17191483643777283
gini,30,10,2,sqrt,0.7000000000000001,0.9098608590441621,0.03044100574811643,0.739105339105339,0.08072042246152263,0.6444444444444445,0.2533723166886973,0.6655555555555555,0.19246612656917897,0.6306825087602779,0.1786226721155784
gini,30,10,2,sqrt,0.8,0.892377495462795,0.03951648341619523,0.7343434343434343,0.18166379528372198,0.5111111111111111,0.37350525142159136,0.5252525252525253,0.30943072361527013,0.5189112963951761,0.26174176154597584
gini,30,10,2,sqrt,0.9,0.8889292196007259,0.03981231924579375,0.8010101010101011,0.2096294241265929,0.4222222222222222,0.38005847503304596,0.4646464646464647,0.3044445114717105,0.48601457138984605,0.2584632776022293
gini,30,10,5,log2,0.1,0.5129461584996975,0.20709969755355526,0.24458983503220105,0.08202132458331311,0.8444444444444444,0.12668615834434868,0.371680758810878,0.09824930430147297,0.22157398414881505,0.1954590675565667
gini,30,10,5,log2,0.2,0.7609800362976407,0.07508869555377254,0.2636363636363636,0.2311487660925658,0.37777777777777777,0.3388433484883757,0.27984811862804954,0.21116220135291144,0.17813707415782307,0.22301758635918922
gini,30,10,5,log2,0.30000000000000004,0.7747731397459166,0.07394441068150731,0.23626794258373204,0.25068857349312207,0.33333333333333337,0.3424674446093876,0.2474654377880184,0.2285732867473154,0.15562488433711424,0.22406545190044838
gini,30,10,5,log2,0.4,0.8403508771929825,0.03290396641280456,0.4833333333333333,0.45795438880113626,0.11111111111111112,0.15713484026367722,0.158974358974359,0.22235367578132104,0.12361406122995758,0.24739619453817252
gini,30,10,5,log2,0.5,0.843859649122807,0.031713155832366204,0.7333333333333333,0.4346134936801766,0.08888888888888888,0.12171612389003691,0.1393939393939394,0.1911734581283334,0.1340456102939321,0.23610066650984798
gini,30,10,5,log2,0.6,0.8507562008469449,0.01482554855142559,1.0,0.0,0.04444444444444444,0.09938079899999064,0.07272727272727272,0.16262312563634834,0.08807710121010884,0.19694638556693236
gini,30,10,5,log2,0.7000000000000001,0.8507562008469449,0.01482554855142559,1.0,0.0,0.04444444444444444,0.09938079899999064,0.07272727272727272,0.16262312563634834,0.08807710121010884,0.19694638556693236
gini,30,10,5,log2,0.8,0.8507562008469449,0.01482554855142559,1.0,0.0,0.04444444444444444,0.09938079899999064,0.07272727272727272,0.16262312563634834,0.08807710121010884,0.19694638556693236
gini,30,10,5,log2,0.9,0.8507562008469449,0.01482554855142559,1.0,0.0,0.04444444444444444,0.09938079899999064,0.07272727272727272,0.16262312563634834,0.08807710121010884,0.19694638556693236
gini,30,10,5,sqrt,0.1,0.7950998185117968,0.03952528075400696,0.42372945939509404,0.06612828373437264,0.7777777777777778,0.07856742013183862,0.5453098625512418,0.0558676997150164,0.46426052123043043,0.06918465229422688
gini,30,10,5,sqrt,0.2,0.829643073200242,0.05733793876994378,0.49715813598166536,0.1273903868933406,0.7555555555555555,0.09296222517045283,0.5897533824181027,0.08723975688530916,0.5152599460725119,0.1027871351133008
gini,30,10,5,sqrt,0.30000000000000004,0.8434361766485179,0.057237800710939854,0.5206637806637806,0.15200848702695902,0.6888888888888889,0.16480441082434807,0.5835680989914399,0.130383859002107,0.5055374632546773,0.1606387499704534
gini,30,10,5,sqrt,0.4,0.8537810042347248,0.05958156332794471,0.5473304473304473,0.17134358575759234,0.6666666666666666,0.13608276348795434,0.5949758454106281,0.14328603398551576,0.5158181852054152,0.1756849597207374
gini,30,10,5,sqrt,0.5,0.8713248638838476,0.04250553771181939,0.5836940836940837,0.13881906379959374,0.6444444444444445,0.18257418583505536,0.6056280193236715,0.14713227388581424,0.535421711453704,0.16745664336693492
gini,30,10,5,sqrt,0.6,0.8540834845735027,0.0268208141197581,0.5281385281385281,0.08801569528721839,0.5333333333333333,0.24088314876309774,0.5116109253065775,0.15931549137452508,0.43987047396158685,0.15983896110252463
gini,30,10,5,sqrt,0.7000000000000001,0.8713853599516032,0.04387289367580692,0.8333333333333333,0.23570226039551587,0.3555555555555555,0.34605358894216526,0.3884057971014493,0.31911055763499724,0.3935466923325074,0.29414294269877533
gini,30,10,5,sqrt,0.8,0.8782819116757411,0.04128862164248651,0.85,0.20749832663314555,0.3555555555555555,0.34605358894216526,0.4,0.3299831645537222,0.4069009857796505,0.3036580950408824
gini,30,10,5,sqrt,0.9,0.8644888082274653,0.02892999508363065,0.9333333333333332,0.14907119849998599,0.15555555555555553,0.18592445034090568,0.22974358974358972,0.25782685605936584,0.25459542493763737,0.26592663013316653
